root,multiAccept,sendfile,compression,noCompression,serverCache,keepalive,basicAuth,tls,ecdsaCertificate,aesTls,tlsMoreBits,tcpNoDelay,tcpNoPush,compressionLevel,performance,performance,performance,performance
1,1,0,0,1,0,0,0,0,0,0,0,0,0,1,2.859,2.6972,2.7486,2.8234
1,1,0,0,1,0,0,0,0,0,0,0,0,1,1,3.0554,2.7488,2.755,2.7368
1,1,0,0,1,0,0,0,0,0,0,0,1,0,1,2.9164,2.702,2.6626,2.7778
1,1,0,0,1,0,0,0,0,0,0,0,1,1,1,2.9382,2.724,2.7706,2.7586
1,1,0,0,1,1,0,0,0,0,0,0,0,0,1,2.6502,2.8352,2.731,2.7732
1,1,0,0,1,1,0,0,0,0,0,0,0,1,1,2.6272,2.8614,2.836,2.8174
1,1,0,0,1,1,0,0,0,0,0,0,1,0,1,2.6014,2.8484,2.846,2.8224
1,1,0,0,1,1,0,0,0,0,0,0,1,1,1,2.7152,2.7868,2.805,2.8048
1,1,1,0,1,0,0,0,0,0,0,0,0,0,1,3.5916,2.7916,2.8794,2.8218
1,1,1,0,1,0,0,0,0,0,0,0,0,1,1,3.443,2.597,2.6994,2.593
1,1,1,0,1,0,0,0,0,0,0,0,1,0,1,3.9,2.7838,2.8184,2.8382
1,1,1,0,1,0,0,0,0,0,0,0,1,1,1,3.336,2.654,2.6428,2.6176
1,1,1,0,1,1,0,0,0,0,0,0,0,0,1,3.017,2.848,2.7548,2.7748
1,1,1,0,1,1,0,0,0,0,0,0,0,1,1,2.9048,2.6964,2.6594,2.5892
1,1,1,0,1,1,0,0,0,0,0,0,1,0,1,3.0416,2.8642,2.7584,2.76
1,1,1,0,1,1,0,0,0,0,0,0,1,1,1,2.8842,2.6934,2.7156,2.626
1,1,0,0,1,0,0,1,0,0,0,0,0,0,1,18.0848,8.9532,4.568,4.5608
1,1,0,0,1,0,0,1,0,0,0,0,0,1,1,18.5084,9.0474,4.656,4.5534
1,1,0,0,1,0,0,1,0,0,0,0,1,0,1,18.227,9.0518,4.574,4.6
1,1,0,0,1,0,0,1,0,0,0,0,1,1,1,18.0726,8.9308,4.6008,4.5408
1,1,0,0,1,1,0,1,0,0,0,0,0,0,1,17.9734,9.3852,4.5068,4.5498
1,1,0,0,1,1,0,1,0,0,0,0,0,1,1,17.0508,8.8354,4.5588,4.5004
1,1,0,0,1,1,0,1,0,0,0,0,1,0,1,17.842,8.7338,4.5986,4.491
1,1,0,0,1,1,0,1,0,0,0,0,1,1,1,18.4748,8.909,4.5332,4.5126
1,1,1,0,1,0,0,1,0,0,0,0,0,0,1,17.9082,9.2152,4.713,4.6564
1,1,1,0,1,0,0,1,0,0,0,0,0,1,1,18.8622,9.053,4.6136,4.5748
1,1,1,0,1,0,0,1,0,0,0,0,1,0,1,19.0208,9.0126,4.6684,4.653
1,1,1,0,1,0,0,1,0,0,0,0,1,1,1,18.3536,9.3032,4.6956,4.6552
1,1,1,0,1,1,0,1,0,0,0,0,0,0,1,18.0214,8.892,4.6024,4.5624
1,1,1,0,1,1,0,1,0,0,0,0,0,1,1,17.4532,8.8716,4.6016,4.5438
1,1,1,0,1,1,0,1,0,0,0,0,1,0,1,17.8194,9.0538,4.674,4.6642
1,1,1,0,1,1,0,1,0,0,0,0,1,1,1,17.069,9.0392,4.5558,4.4944
1,1,0,1,0,0,0,1,0,0,0,0,0,0,1,21.2136,9.6042,4.9714,5.0236
1,1,0,1,0,0,0,1,0,0,0,0,0,0,5,20.1314,9.66,5.1138,5.1162
1,1,0,1,0,0,0,1,0,0,0,0,0,0,9,20.9354,10.0262,5.2316,5.2204
1,1,0,1,0,0,0,1,0,0,0,0,0,1,1,21.0602,9.4398,4.9878,5.0596
1,1,0,1,0,0,0,1,0,0,0,0,0,1,5,20.8298,9.9652,5.1834,5.1762
1,1,0,1,0,0,0,1,0,0,0,0,0,1,9,20.355,9.8892,5.2132,5.1316
1,1,0,1,0,0,0,1,0,0,0,0,1,0,1,20.237,10.0636,5.0062,5.0714
1,1,0,1,0,0,0,1,0,0,0,0,1,0,5,20.4856,9.9064,5.1856,5.1576
1,1,0,1,0,0,0,1,0,0,0,0,1,0,9,21.5768,9.9118,5.2276,5.2314
1,1,0,1,0,0,0,1,0,0,0,0,1,1,1,20.1054,9.702,4.9906,5.0124
1,1,0,1,0,0,0,1,0,0,0,0,1,1,5,20.8564,9.6388,5.134,5.1106
1,1,0,1,0,0,0,1,0,0,0,0,1,1,9,19.1842,9.8986,5.1474,5.161
1,1,0,1,0,1,0,1,0,0,0,0,0,0,1,18.5052,9.605,4.9976,4.9708
1,1,0,1,0,1,0,1,0,0,0,0,0,0,5,21.2156,10.1322,5.0712,5.0546
1,1,0,1,0,1,0,1,0,0,0,0,0,0,9,20.4692,10.0224,5.0944,5.0754
1,1,0,1,0,1,0,1,0,0,0,0,0,1,1,21.098,9.6604,4.9064,4.935
1,1,0,1,0,1,0,1,0,0,0,0,0,1,5,19.8204,10.1716,5.0656,5.1468
1,1,0,1,0,1,0,1,0,0,0,0,0,1,9,20.083,9.7946,5.0492,5.1486
1,1,0,1,0,1,0,1,0,0,0,0,1,0,1,19.1896,9.6486,4.9644,4.941
1,1,0,1,0,1,0,1,0,0,0,0,1,0,5,20.0804,10.073,5.1226,5.1048
1,1,0,1,0,1,0,1,0,0,0,0,1,0,9,21.5154,9.9672,5.123,5.1686
1,1,0,1,0,1,0,1,0,0,0,0,1,1,1,19.9016,9.5282,4.9584,4.9318
1,1,0,1,0,1,0,1,0,0,0,0,1,1,5,21.651,9.7696,5.0336,5.0864
1,1,0,1,0,1,0,1,0,0,0,0,1,1,9,21.2006,10.0088,5.104,5.1186
1,1,1,1,0,0,0,1,0,0,0,0,0,0,1,19.8296,9.6092,5.0264,5.0514
1,1,1,1,0,0,0,1,0,0,0,0,0,0,5,21.0868,9.925,5.1964,5.1228
1,1,1,1,0,0,0,1,0,0,0,0,0,0,9,20.5458,9.9,5.1954,5.1324
1,1,1,1,0,0,0,1,0,0,0,0,0,1,1,20.9754,9.7094,4.9908,5.0576
1,1,1,1,0,0,0,1,0,0,0,0,0,1,5,21.2756,10.1248,5.1378,5.1612
1,1,1,1,0,0,0,1,0,0,0,0,0,1,9,21.8788,9.8584,5.1528,5.1632
1,1,1,1,0,0,0,1,0,0,0,0,1,0,1,20.3622,9.7664,4.9754,5.0176
1,1,1,1,0,0,0,1,0,0,0,0,1,0,5,21.2348,9.9006,5.1666,5.236
1,1,1,1,0,0,0,1,0,0,0,0,1,0,9,21.7408,9.7618,5.1508,5.1794
1,1,1,1,0,0,0,1,0,0,0,0,1,1,1,19.4818,9.7732,5.019,5.016
1,1,1,1,0,0,0,1,0,0,0,0,1,1,5,20.4806,9.9842,5.235,5.1964
1,1,1,1,0,0,0,1,0,0,0,0,1,1,9,21.5846,10.1036,5.1404,5.1578
1,1,1,1,0,1,0,1,0,0,0,0,0,0,1,20.4412,9.4366,4.9144,4.912
1,1,1,1,0,1,0,1,0,0,0,0,0,0,5,21.327,9.935,5.0988,5.1256
1,1,1,1,0,1,0,1,0,0,0,0,0,0,9,20.5838,9.9838,5.1068,5.1402
1,1,1,1,0,1,0,1,0,0,0,0,0,1,1,19.5128,9.5588,4.992,4.9224
1,1,1,1,0,1,0,1,0,0,0,0,0,1,5,20.3768,10.1092,5.0942,5.0852
1,1,1,1,0,1,0,1,0,0,0,0,0,1,9,21.4962,10.014,5.104,5.0972
1,1,1,1,0,1,0,1,0,0,0,0,1,0,1,18.4252,9.4418,4.902,4.921
1,1,1,1,0,1,0,1,0,0,0,0,1,0,5,21.1496,9.8476,5.109,5.097
1,1,1,1,0,1,0,1,0,0,0,0,1,0,9,21.0446,10.0602,5.1002,5.1794
1,1,1,1,0,1,0,1,0,0,0,0,1,1,1,20.5698,9.6816,4.9044,4.9642
1,1,1,1,0,1,0,1,0,0,0,0,1,1,5,21.2782,9.8208,5.1694,5.154
1,1,1,1,0,1,0,1,0,0,0,0,1,1,9,19.9236,9.7928,5.0826,5.1002
1,0,0,0,1,0,1,0,0,0,0,0,0,0,1,2.0606,2.2804,2.2802,2.3026
1,0,0,0,1,0,1,0,0,0,0,0,0,1,1,2.0578,2.2908,2.243,2.2268
1,0,0,0,1,0,1,0,0,0,0,0,1,0,1,2.0618,2.2958,2.2758,2.2532
1,0,0,0,1,0,1,0,0,0,0,0,1,1,1,2.0932,2.2362,2.2184,2.2748
1,0,0,0,1,1,1,0,0,0,0,0,0,0,1,2.0898,2.1846,2.1494,2.1982
1,0,0,0,1,1,1,0,0,0,0,0,0,1,1,2.0582,2.106,2.1656,2.145
1,0,0,0,1,1,1,0,0,0,0,0,1,0,1,2.0604,2.1542,2.13,2.1278
1,0,0,0,1,1,1,0,0,0,0,0,1,1,1,2.059,2.0974,2.2072,2.1366
1,0,1,0,1,0,1,0,0,0,0,0,0,0,1,2.3582,2.3564,2.3588,2.3592
1,0,1,0,1,0,1,0,0,0,0,0,0,1,1,2.2928,2.2892,2.2916,2.291
1,0,1,0,1,0,1,0,0,0,0,0,1,0,1,2.3664,2.3662,2.3618,2.3644
1,0,1,0,1,0,1,0,0,0,0,0,1,1,1,2.291,2.2908,2.2904,2.2936
1,0,1,0,1,1,1,0,0,0,0,0,0,0,1,2.3546,2.357,2.3494,2.3622
1,0,1,0,1,1,1,0,0,0,0,0,0,1,1,2.2926,2.3334,2.2884,2.2876
1,0,1,0,1,1,1,0,0,0,0,0,1,0,1,2.3652,2.3644,2.3622,2.3648
1,0,1,0,1,1,1,0,0,0,0,0,1,1,1,2.2882,2.2978,2.2912,2.2892
1,1,0,0,1,0,1,0,0,0,0,0,0,0,1,2.0586,2.2882,2.2886,2.2862
1,1,0,0,1,0,1,0,0,0,0,0,0,1,1,2.0586,2.281,2.2994,2.2864
1,1,0,0,1,0,1,0,0,0,0,0,1,0,1,2.1044,2.2828,2.264,2.2564
1,1,0,0,1,0,1,0,0,0,0,0,1,1,1,2.059,2.2792,2.252,2.278
1,1,0,0,1,1,1,0,0,0,0,0,0,0,1,2.0576,2.2274,2.1444,2.1338
1,1,0,0,1,1,1,0,0,0,0,0,0,1,1,2.0566,2.2348,2.1674,2.1318
1,1,0,0,1,1,1,0,0,0,0,0,1,0,1,2.0584,2.2168,2.1092,2.1406
1,1,0,0,1,1,1,0,0,0,0,0,1,1,1,2.0568,2.1274,2.2602,2.2248
1,1,1,0,1,0,1,0,0,0,0,0,0,0,1,2.3572,2.3484,2.3538,2.3504
1,1,1,0,1,0,1,0,0,0,0,0,0,1,1,2.2918,2.2908,2.291,2.2904
1,1,1,0,1,0,1,0,0,0,0,0,1,0,1,2.3638,2.364,2.3638,2.3636
1,1,1,0,1,0,1,0,0,0,0,0,1,1,1,2.2894,2.2926,2.2898,2.29
1,1,1,0,1,1,1,0,0,0,0,0,0,0,1,2.356,2.3534,2.3608,2.3634
1,1,1,0,1,1,1,0,0,0,0,0,0,1,1,2.2924,2.2904,2.2876,2.2924
1,1,1,0,1,1,1,0,0,0,0,0,1,0,1,2.3676,2.3644,2.3672,2.3632
1,1,1,0,1,1,1,0,0,0,0,0,1,1,1,2.2914,2.287,2.2922,2.2896
1,0,0,0,1,0,1,1,0,0,0,0,0,0,1,17.3946,8.1714,4.038,4.2112
1,0,0,0,1,0,1,1,0,0,0,0,0,1,1,17.3426,8.3218,4.0478,4.0752
1,0,0,0,1,0,1,1,0,0,0,0,1,0,1,17.056,8.125,4.1804,4.0796
1,0,0,0,1,0,1,1,0,0,0,0,1,1,1,17.1478,8.0584,4.0686,4.1118
1,0,0,0,1,1,1,1,0,0,0,0,0,0,1,16.2754,8.2638,3.9898,4.1402
1,0,0,0,1,1,1,1,0,0,0,0,0,1,1,16.612,8.281,4.062,4.1242
1,0,0,0,1,1,1,1,0,0,0,0,1,0,1,17.0486,8.123,4.0386,4.085
1,0,0,0,1,1,1,1,0,0,0,0,1,1,1,16.4256,8.0474,4.0254,4.0442
1,0,1,0,1,0,1,1,0,0,0,0,0,0,1,17.0636,8.7236,4.336,4.3088
1,0,1,0,1,0,1,1,0,0,0,0,0,1,1,16.8266,8.3334,4.3192,4.2632
1,0,1,0,1,0,1,1,0,0,0,0,1,0,1,16.9956,8.2614,4.3466,4.3216
1,0,1,0,1,0,1,1,0,0,0,0,1,1,1,17.1432,8.3436,4.216,4.2102
1,0,1,0,1,1,1,1,0,0,0,0,0,0,1,16.4992,8.3182,4.2176,4.296
1,0,1,0,1,1,1,1,0,0,0,0,0,1,1,17.11,8.4446,4.348,4.2258
1,0,1,0,1,1,1,1,0,0,0,0,1,0,1,17.4522,8.2688,4.2326,4.1454
1,0,1,0,1,1,1,1,0,0,0,0,1,1,1,17.364,8.282,4.1444,4.2812
1,1,0,0,1,0,1,1,0,0,0,0,0,0,1,15.9604,8.2504,4.1186,4.1256
1,1,0,0,1,0,1,1,0,0,0,0,0,1,1,16.6034,8.1902,4.211,4.2276
1,1,0,0,1,0,1,1,0,0,0,0,1,0,1,16.2638,8.1646,4.052,4.353
1,1,0,0,1,0,1,1,0,0,0,0,1,1,1,16.2178,8.21,4.0662,4.2126
1,1,0,0,1,1,1,1,0,0,0,0,0,0,1,16.3406,8.2382,3.9936,4.0602
1,1,0,0,1,1,1,1,0,0,0,0,0,1,1,16.6074,8.0372,3.9918,4.2004
1,1,0,0,1,1,1,1,0,0,0,0,1,0,1,16.8126,8.1168,4.022,4.1558
1,1,0,0,1,1,1,1,0,0,0,0,1,1,1,16.5324,8.2536,4.1264,4.0724
1,1,1,0,1,0,1,1,0,0,0,0,0,0,1,16.5818,8.3428,4.3144,4.4606
1,1,1,0,1,0,1,1,0,0,0,0,0,1,1,16.907,8.4008,4.201,4.3014
1,1,1,0,1,0,1,1,0,0,0,0,1,0,1,17.0072,8.3706,4.2622,4.3646
1,1,1,0,1,0,1,1,0,0,0,0,1,1,1,16.682,8.3798,4.2382,4.2572
1,1,1,0,1,1,1,1,0,0,0,0,0,0,1,16.5768,8.2882,4.2062,4.1996
1,1,1,0,1,1,1,1,0,0,0,0,0,1,1,17.2258,8.2768,4.3576,4.2056
1,1,1,0,1,1,1,1,0,0,0,0,1,0,1,16.1906,8.448,4.155,4.1752
1,1,1,0,1,1,1,1,0,0,0,0,1,1,1,15.9302,8.1272,4.2156,4.239
1,0,0,0,1,0,0,0,1,1,0,0,0,0,1,393.7852,369.2444,370.2894,369.7886
1,0,0,0,1,0,0,0,1,1,0,0,0,1,1,395.7918,367.9872,368.6264,368.8612
1,0,0,0,1,0,0,0,1,1,0,0,1,0,1,393.3094,370.6484,367.828,370.547
1,0,0,0,1,0,0,0,1,1,0,0,1,1,1,394.871,368.9954,366.1296,368.8784
1,0,0,0,1,1,0,0,1,1,0,0,0,0,1,390.0688,371.7448,368.76,370.1622
1,0,0,0,1,1,0,0,1,1,0,0,0,1,1,397.8418,370.3004,368.3892,370.4536
1,0,0,0,1,1,0,0,1,1,0,0,1,0,1,400.0788,369.2972,369.534,369.4944
1,0,0,0,1,1,0,0,1,1,0,0,1,1,1,390.7578,368.9742,367.9718,371.5682
1,0,1,0,1,0,0,0,1,1,0,0,0,0,1,395.2012,370.111,368.0764,367.6862
1,0,1,0,1,0,0,0,1,1,0,0,0,1,1,392.6996,370.5704,368.7842,369.0814
1,0,1,0,1,0,0,0,1,1,0,0,1,0,1,392.0014,370.0244,368.9748,368.3164
1,0,1,0,1,0,0,0,1,1,0,0,1,1,1,393.675,370.6718,368.9044,369.4826
1,0,1,0,1,1,0,0,1,1,0,0,0,0,1,400.671,369.8396,371.1074,369.8032
1,0,1,0,1,1,0,0,1,1,0,0,0,1,1,400.5706,369.776,369.3028,370.0154
1,0,1,0,1,1,0,0,1,1,0,0,1,0,1,392.2302,369.5034,368.087,369.4858
1,0,1,0,1,1,0,0,1,1,0,0,1,1,1,393.6204,369.4394,369.088,368.5032
1,1,0,0,1,0,0,0,1,1,0,0,0,0,1,399.5146,370.9928,369.2386,370.0206
1,1,0,0,1,0,0,0,1,1,0,0,0,1,1,400.559,371.2224,369.3844,370.8524
1,1,0,0,1,0,0,0,1,1,0,0,1,0,1,401.3972,370.5204,370.1978,369.9284
1,1,0,0,1,0,0,0,1,1,0,0,1,1,1,401.0906,371.4578,368.7124,369.688
1,1,0,0,1,1,0,0,1,1,0,0,0,0,1,398.8936,368.2268,369.981,370.4292
1,1,0,0,1,1,0,0,1,1,0,0,0,1,1,400.0976,371.1858,369.0194,367.5714
1,1,0,0,1,1,0,0,1,1,0,0,1,0,1,399.1952,370.8998,369.833,369.2124
1,1,0,0,1,1,0,0,1,1,0,0,1,1,1,400.0182,371.1404,371.2512,368.698
1,1,1,0,1,0,0,0,1,1,0,0,0,0,1,399.704,370.746,368.9398,370.3922
1,1,1,0,1,0,0,0,1,1,0,0,0,1,1,399.348,371.326,368.298,368.557
1,1,1,0,1,0,0,0,1,1,0,0,1,0,1,406.451,370.6818,368.2762,368.0886
1,1,1,0,1,0,0,0,1,1,0,0,1,1,1,407.958,369.0304,368.4488,367.8932
1,1,1,0,1,1,0,0,1,1,0,0,0,0,1,406.5996,371.0668,369.9754,370.0692
1,1,1,0,1,1,0,0,1,1,0,0,0,1,1,404.4138,369.248,369.4468,370.7384
1,1,1,0,1,1,0,0,1,1,0,0,1,0,1,405.3886,371.077,368.6452,370.1588
1,1,1,0,1,1,0,0,1,1,0,0,1,1,1,407.3614,370.5966,368.479,370.1158
1,0,0,0,1,0,0,0,1,1,1,0,0,0,1,390.278,369.103,369.3178,368.2612
1,0,0,0,1,0,0,0,1,1,1,0,0,1,1,392.1866,368.7052,368.9998,368.7188
1,0,0,0,1,0,0,0,1,1,1,0,1,0,1,395.3912,369.7386,369.8698,368.4804
1,0,0,0,1,0,0,0,1,1,1,0,1,1,1,390.0598,369.5466,368.6432,368.6002
1,0,0,0,1,0,0,0,1,1,1,1,0,0,1,391.7492,369.964,368.693,369.4782
1,0,0,0,1,0,0,0,1,1,1,1,0,1,1,391.2846,371.1564,368.1596,370.022
1,0,0,0,1,0,0,0,1,1,1,1,1,0,1,405.5918,370.8918,368.558,368.2052
1,0,0,0,1,0,0,0,1,1,1,1,1,1,1,399.3342,369.7406,368.4764,369.1354
1,0,0,0,1,1,0,0,1,1,1,0,0,0,1,400.2482,369.6646,368.8682,370.7578
1,0,0,0,1,1,0,0,1,1,1,0,0,1,1,395.6436,369.0872,368.9134,370.4512
1,0,0,0,1,1,0,0,1,1,1,0,1,0,1,390.049,370.9364,367.8438,369.6168
1,0,0,0,1,1,0,0,1,1,1,0,1,1,1,392.8108,370.142,368.8958,370.0286
1,0,0,0,1,1,0,0,1,1,1,1,0,0,1,394.759,369.688,370.1806,370.333
1,0,0,0,1,1,0,0,1,1,1,1,0,1,1,394.1386,369.9712,369.6388,368.7018
1,0,0,0,1,1,0,0,1,1,1,1,1,0,1,395.3678,371.1728,369.9064,369.3782
1,0,0,0,1,1,0,0,1,1,1,1,1,1,1,390.9684,371.0584,369.1872,370.361
1,0,1,0,1,0,0,0,1,1,1,0,0,0,1,393.3136,369.3602,367.0826,368.2342
1,0,1,0,1,0,0,0,1,1,1,0,0,1,1,398.2432,370.338,368.9672,367.2774
1,0,1,0,1,0,0,0,1,1,1,0,1,0,1,398.7688,369.2648,370.9194,368.0238
1,0,1,0,1,0,0,0,1,1,1,0,1,1,1,397.9892,368.8384,368.0964,369.2198
1,0,1,0,1,0,0,0,1,1,1,1,0,0,1,394.1624,370.5932,368.319,368.0254
1,0,1,0,1,0,0,0,1,1,1,1,0,1,1,394.7448,369.5898,368.6346,368.5852
1,0,1,0,1,0,0,0,1,1,1,1,1,0,1,392.6734,368.2108,369.5686,369.1376
1,0,1,0,1,0,0,0,1,1,1,1,1,1,1,394.9504,370.798,369.1952,366.6
1,0,1,0,1,1,0,0,1,1,1,0,0,0,1,394.8172,370.6182,369.6302,368.6888
1,0,1,0,1,1,0,0,1,1,1,0,0,1,1,394.7514,369.7198,371.1308,369.3302
1,0,1,0,1,1,0,0,1,1,1,0,1,0,1,394.665,370.2034,369.2708,368.3162
1,0,1,0,1,1,0,0,1,1,1,0,1,1,1,392.5446,369.6134,370.6456,368.275
1,0,1,0,1,1,0,0,1,1,1,1,0,0,1,392.929,369.6486,368.7342,369.4082
1,0,1,0,1,1,0,0,1,1,1,1,0,1,1,389.8962,368.917,370.001,370.2946
1,0,1,0,1,1,0,0,1,1,1,1,1,0,1,393.8148,372.5268,368.8418,369.471
1,0,1,0,1,1,0,0,1,1,1,1,1,1,1,391.1828,370.1902,369.7616,369.3618
1,1,0,0,1,0,0,0,1,1,1,0,0,0,1,404.6948,369.7606,369.1996,369.2504
1,1,0,0,1,0,0,0,1,1,1,0,0,1,1,405.4584,370.7098,367.8244,369.0418
1,1,0,0,1,0,0,0,1,1,1,0,1,0,1,400.2262,369.4206,368.913,368.7622
1,1,0,0,1,0,0,0,1,1,1,0,1,1,1,396.6252,369.4864,369.8,368.6176
1,1,0,0,1,0,0,0,1,1,1,1,0,0,1,399.6686,370.498,369.3856,370.8724
1,1,0,0,1,0,0,0,1,1,1,1,0,1,1,398.3944,369.192,369.549,370.099
1,1,0,0,1,0,0,0,1,1,1,1,1,0,1,400.2288,371.1994,369.8172,369.1582
1,1,0,0,1,0,0,0,1,1,1,1,1,1,1,406.8816,369.8048,368.9038,368.6394
1,1,0,0,1,1,0,0,1,1,1,0,0,0,1,406.9396,370.601,363.5064,362.4192
1,1,0,0,1,1,0,0,1,1,1,0,0,1,1,407.8202,370.5086,363.284,360.8228
1,1,0,0,1,1,0,0,1,1,1,0,1,0,1,407.515,370.4796,362.8886,361.765
1,1,0,0,1,1,0,0,1,1,1,0,1,1,1,405.0932,370.3994,362.7084,362.8598
1,1,0,0,1,1,0,0,1,1,1,1,0,0,1,407.7212,371.3972,363.1836,362.855
1,1,0,0,1,1,0,0,1,1,1,1,0,1,1,406.7606,363.361,362.489,362.3286
1,1,0,0,1,1,0,0,1,1,1,1,1,0,1,407.8904,371.7762,363.8398,362.7564
1,1,0,0,1,1,0,0,1,1,1,1,1,1,1,407.2176,371.0914,361.6852,362.0658
1,1,1,0,1,0,0,0,1,1,1,0,0,0,1,406.8292,370.5798,362.1046,361.0132
1,1,1,0,1,0,0,0,1,1,1,0,0,1,1,404.9602,370.6818,361.9716,360.0764
1,1,1,0,1,0,0,0,1,1,1,0,1,0,1,407.8968,370.5772,360.5514,362.0478
1,1,1,0,1,0,0,0,1,1,1,0,1,1,1,406.715,370.5948,362.2534,362.5794
1,1,1,0,1,0,0,0,1,1,1,1,0,0,1,407.7894,371.473,361.15,362.0178
1,1,1,0,1,0,0,0,1,1,1,1,0,1,1,407.4412,370.8676,362.6512,362.0452
1,1,1,0,1,0,0,0,1,1,1,1,1,0,1,407.2432,369.9766,361.9392,362.071
1,1,1,0,1,0,0,0,1,1,1,1,1,1,1,407.5704,371.4192,363.4978,363.2706
1,1,1,0,1,1,0,0,1,1,1,0,0,0,1,406.847,370.8818,362.2496,362.0666
1,1,1,0,1,1,0,0,1,1,1,0,0,1,1,406.7154,362.9442,361.679,364.032
1,1,1,0,1,1,0,0,1,1,1,0,1,0,1,405.797,362.343,362.9114,364.4814
1,1,1,0,1,1,0,0,1,1,1,0,1,1,1,404.6192,371.041,360.4714,362.7986
1,1,1,0,1,1,0,0,1,1,1,1,0,0,1,406.073,370.8724,363.1934,363.5346
1,1,1,0,1,1,0,0,1,1,1,1,0,1,1,405.5066,372.5266,363.2264,362.8602
1,1,1,0,1,1,0,0,1,1,1,1,1,0,1,407.7514,370.4964,364.8494,362.6648
1,1,1,0,1,1,0,0,1,1,1,1,1,1,1,408.2964,370.3172,362.3262,362.6122
1,0,0,0,1,0,0,1,1,1,0,0,0,0,1,415.5004,359.629,360.4142,360.321
1,0,0,0,1,0,0,1,1,1,0,0,0,1,1,412.2996,369.773,358.986,360.1544
1,0,0,0,1,0,0,1,1,1,0,0,1,0,1,413.4728,369.4066,357.9236,359.8202
1,0,0,0,1,0,0,1,1,1,0,0,1,1,1,411.9572,369.9942,359.685,359.8946
1,0,0,0,1,1,0,1,1,1,0,0,0,0,1,414.8194,368.9346,358.5558,360.4142
1,0,0,0,1,1,0,1,1,1,0,0,0,1,1,415.2684,367.621,359.0086,360.5946
1,0,0,0,1,1,0,1,1,1,0,0,1,0,1,413.2698,369.6986,358.1606,359.0406
1,0,0,0,1,1,0,1,1,1,0,0,1,1,1,415.7354,362.9366,361.1272,358.8812
1,0,1,0,1,0,0,1,1,1,0,0,0,0,1,415.2546,367.848,360.6554,357.8692
1,0,1,0,1,0,0,1,1,1,0,0,0,1,1,411.2032,370.7224,358.9286,361.0076
1,0,1,0,1,0,0,1,1,1,0,0,1,0,1,413.8364,368.0886,359.8606,359.1972
1,0,1,0,1,0,0,1,1,1,0,0,1,1,1,416.3536,370.9832,360.4686,358.1184
1,0,1,0,1,1,0,1,1,1,0,0,0,0,1,415.655,368.765,358.7658,359.7704
1,0,1,0,1,1,0,1,1,1,0,0,0,1,1,414.7242,368.7534,359.6736,359.0904
1,0,1,0,1,1,0,1,1,1,0,0,1,0,1,413.6792,368.8626,359.0552,360.6536
1,0,1,0,1,1,0,1,1,1,0,0,1,1,1,414.7266,368.8322,357.9524,358.7598
1,1,0,0,1,0,0,1,1,1,0,0,0,0,1,423.7752,370.842,358.8132,359.4542
1,1,0,0,1,0,0,1,1,1,0,0,0,1,1,422.6286,368.4788,357.7182,359.8064
1,1,0,0,1,0,0,1,1,1,0,0,1,0,1,421.9972,369.0978,361.128,360.2996
1,1,0,0,1,0,0,1,1,1,0,0,1,1,1,422.8586,361.9728,359.6146,359.7598
1,1,0,0,1,1,0,1,1,1,0,0,0,0,1,421.6126,369.559,358.7186,358.6186
1,1,0,0,1,1,0,1,1,1,0,0,0,1,1,421.58,366.7232,359.0856,362.8296
1,1,0,0,1,1,0,1,1,1,0,0,1,0,1,422.9894,369.1888,358.8718,358.357
1,1,0,0,1,1,0,1,1,1,0,0,1,1,1,423.8318,369.9242,360.1094,360.4002
1,1,1,0,1,0,0,1,1,1,0,0,0,0,1,421.9572,368.6528,360.2648,360.1948
1,1,1,0,1,0,0,1,1,1,0,0,0,1,1,422.2386,360.9354,361.0428,357.8928
1,1,1,0,1,0,0,1,1,1,0,0,1,0,1,422.0294,369.293,358.934,358.8648
1,1,1,0,1,0,0,1,1,1,0,0,1,1,1,422.6632,368.18,360.6344,358.2348
1,1,1,0,1,1,0,1,1,1,0,0,0,0,1,419.7936,368.5068,359.0374,359.9776
1,1,1,0,1,1,0,1,1,1,0,0,0,1,1,423.617,368.3842,358.6538,358.6492
1,1,1,0,1,1,0,1,1,1,0,0,1,0,1,422.3864,368.8558,360.564,359.7176
1,1,1,0,1,1,0,1,1,1,0,0,1,1,1,422.0226,362.1196,359.441,360.1478
1,0,0,0,1,0,0,1,1,1,1,0,0,0,1,412.9398,360.9974,360.2104,360.964
1,0,0,0,1,0,0,1,1,1,1,0,0,1,1,415.1246,367.4096,357.3612,360.9716
1,0,0,0,1,0,0,1,1,1,1,0,1,0,1,412.458,371.1294,360.8978,359.2296
1,0,0,0,1,0,0,1,1,1,1,0,1,1,1,412.965,370.1096,358.7356,359.758
1,0,0,0,1,0,0,1,1,1,1,1,0,0,1,415.283,369.951,359.233,358.7792
1,0,0,0,1,0,0,1,1,1,1,1,0,1,1,412.4334,369.683,360.0134,358.0776
1,0,0,0,1,0,0,1,1,1,1,1,1,0,1,415.3174,368.8554,358.5144,359.4664
1,0,0,0,1,0,0,1,1,1,1,1,1,1,1,413.4996,360.4936,359.2174,358.7558
1,0,0,0,1,1,0,1,1,1,1,0,0,0,1,411.8446,368.058,359.9378,359.8412
1,0,0,0,1,1,0,1,1,1,1,0,0,1,1,413.2882,370.6636,358.6886,359.252
1,0,0,0,1,1,0,1,1,1,1,0,1,0,1,415.2496,366.08,360.5606,359.636
1,0,0,0,1,1,0,1,1,1,1,0,1,1,1,411.9432,370.5138,360.2658,359.6622
1,0,0,0,1,1,0,1,1,1,1,1,0,0,1,413.3278,369.2542,358.5184,360.1902
1,0,0,0,1,1,0,1,1,1,1,1,0,1,1,413.0898,371.2096,360.1864,359.3354
1,0,0,0,1,1,0,1,1,1,1,1,1,0,1,413.8868,369.4598,359.9792,360.5288
1,0,0,0,1,1,0,1,1,1,1,1,1,1,1,412.7262,368.014,360.297,359.1008
1,0,1,0,1,0,0,1,1,1,1,0,0,0,1,414.687,368.119,359.7154,358.6798
1,0,1,0,1,0,0,1,1,1,1,0,0,1,1,414.0858,367.399,358.7422,359.8234
1,0,1,0,1,0,0,1,1,1,1,0,1,0,1,415.865,360.2012,360.0424,357.9734
1,0,1,0,1,0,0,1,1,1,1,0,1,1,1,414.752,367.9784,359.6504,359.784
1,0,1,0,1,0,0,1,1,1,1,1,0,0,1,415.2974,368.0274,359.152,359.8016
1,0,1,0,1,0,0,1,1,1,1,1,0,1,1,415.5424,369.0904,357.8306,359.5018
1,0,1,0,1,0,0,1,1,1,1,1,1,0,1,413.808,370.8984,359.0822,359.1446
1,0,1,0,1,0,0,1,1,1,1,1,1,1,1,408.9018,369.619,358.6994,360.2134
1,0,1,0,1,1,0,1,1,1,1,0,0,0,1,412.229,369.0746,358.114,358.892
1,0,1,0,1,1,0,1,1,1,1,0,0,1,1,414.3882,367.309,358.0962,360.8084
1,0,1,0,1,1,0,1,1,1,1,0,1,0,1,409.9756,368.9398,359.52,359.8376
1,0,1,0,1,1,0,1,1,1,1,0,1,1,1,414.1872,366.882,359.1306,360.2278
1,0,1,0,1,1,0,1,1,1,1,1,0,0,1,415.0246,368.1732,360.292,359.031
1,0,1,0,1,1,0,1,1,1,1,1,0,1,1,411.9952,368.2494,366.7224,366.6016
1,0,1,0,1,1,0,1,1,1,1,1,1,0,1,413.9484,368.5438,366.1388,367.7294
1,0,1,0,1,1,0,1,1,1,1,1,1,1,1,411.743,368.1988,367.4484,367.4172
1,1,0,0,1,0,0,1,1,1,1,0,0,0,1,414.0238,368.5236,367.5214,365.2636
1,1,0,0,1,0,0,1,1,1,1,0,0,1,1,414.6954,369.7304,368.0844,365.4856
1,1,0,0,1,0,0,1,1,1,1,0,1,0,1,413.0338,367.615,367.5902,366.7466
1,1,0,0,1,0,0,1,1,1,1,0,1,1,1,414.5836,368.3078,367.0322,365.7912
1,1,0,0,1,0,0,1,1,1,1,1,0,0,1,414.7792,368.7324,366.0458,366.4904
1,1,0,0,1,0,0,1,1,1,1,1,0,1,1,414.2304,369.9982,365.3568,367.4224
1,1,0,0,1,0,0,1,1,1,1,1,1,0,1,413.041,368.2886,367.8894,366.9216
1,1,0,0,1,0,0,1,1,1,1,1,1,1,1,415.1588,369.249,366.5556,366.6532
1,1,0,0,1,1,0,1,1,1,1,0,0,0,1,412.6536,368.863,367.1494,366.6672
1,1,0,0,1,1,0,1,1,1,1,0,0,1,1,420.7256,368.4936,366.8776,366.9292
1,1,0,0,1,1,0,1,1,1,1,0,1,0,1,424.1182,368.402,366.0072,366.7616
1,1,0,0,1,1,0,1,1,1,1,0,1,1,1,423.978,368.5566,366.7204,368.2366
1,1,0,0,1,1,0,1,1,1,1,1,0,0,1,420.5424,367.375,367.0464,367.504
1,1,0,0,1,1,0,1,1,1,1,1,0,1,1,412.9562,369.389,368.0082,368.6004
1,1,0,0,1,1,0,1,1,1,1,1,1,0,1,414.6094,368.218,367.4498,366.887
1,1,0,0,1,1,0,1,1,1,1,1,1,1,1,413.6396,367.244,368.2092,366.735
1,1,1,0,1,0,0,1,1,1,1,0,0,0,1,414.3276,368.5936,366.701,366.8564
1,1,1,0,1,0,0,1,1,1,1,0,0,1,1,413.1762,367.8054,366.73,367.7852
1,1,1,0,1,0,0,1,1,1,1,0,1,0,1,414.502,369.9872,367.6272,366.1664
1,1,1,0,1,0,0,1,1,1,1,0,1,1,1,411.7374,368.9776,367.4686,366.3298
1,1,1,0,1,0,0,1,1,1,1,1,0,0,1,414.8608,367.0938,366.624,367.5972
1,1,1,0,1,0,0,1,1,1,1,1,0,1,1,413.4152,371.8006,368.08,367.2114
1,1,1,0,1,0,0,1,1,1,1,1,1,0,1,415.4824,370.5302,367.2208,368.3518
1,1,1,0,1,0,0,1,1,1,1,1,1,1,1,423.5306,366.333,366.3976,366.1878
1,1,1,0,1,1,0,1,1,1,1,0,0,0,1,421.5734,367.4088,367.9042,367.593
1,1,1,0,1,1,0,1,1,1,1,0,0,1,1,422.5762,370.3432,367.586,366.6374
1,1,1,0,1,1,0,1,1,1,1,0,1,0,1,420.9298,368.8202,366.182,366.536
1,1,1,0,1,1,0,1,1,1,1,0,1,1,1,404.2284,368.4304,366.0418,366.2102
1,1,1,0,1,1,0,1,1,1,1,1,0,0,1,422.1818,368.0736,366.7102,366.7006
1,1,1,0,1,1,0,1,1,1,1,1,0,1,1,424.4458,369.0784,366.8966,365.5964
1,1,1,0,1,1,0,1,1,1,1,1,1,0,1,410.881,368.2106,366.529,368.8808
1,1,1,0,1,1,0,1,1,1,1,1,1,1,1,413.9482,367.6768,366.5634,366.6148
1,0,0,1,0,0,0,0,1,1,0,0,0,0,1,395.3978,368.3694,366.8084,368.1024
1,0,0,1,0,0,0,0,1,1,0,0,0,0,5,393.8814,368.9262,367.261,367.3746
1,0,0,1,0,0,0,0,1,1,0,0,0,0,9,397.6924,369.449,368.0582,368.1838
1,0,0,1,0,0,0,0,1,1,0,0,0,1,1,400.3582,367.4848,366.1706,369.5522
1,0,0,1,0,0,0,0,1,1,0,0,0,1,5,404.1108,367.921,367.4462,367.3762
1,0,0,1,0,0,0,0,1,1,0,0,0,1,9,403.1412,369.3958,367.922,367.816
1,0,0,1,0,0,0,0,1,1,0,0,1,0,1,403.5492,369.52,366.3426,367.7778
1,0,0,1,0,0,0,0,1,1,0,0,1,0,5,404.5854,368.7676,370.082,367.0214
1,0,0,1,0,0,0,0,1,1,0,0,1,0,9,406.068,370.086,368.0022,367.9362
1,0,0,1,0,0,0,0,1,1,0,0,1,1,1,401.664,369.1502,366.8386,367.7604
1,0,0,1,0,0,0,0,1,1,0,0,1,1,5,396.6034,367.9962,367.48,367.5304
1,0,0,1,0,0,0,0,1,1,0,0,1,1,9,396.3694,369.335,368.1642,368.9796
1,0,0,1,0,1,0,0,1,1,0,0,0,0,1,393.8088,367.9372,369.7522,367.7764
1,0,0,1,0,1,0,0,1,1,0,0,0,0,5,396.3658,370.162,368.4058,368.262
1,0,0,1,0,1,0,0,1,1,0,0,0,0,9,396.4714,369.6612,368.4316,368.4772
1,0,0,1,0,1,0,0,1,1,0,0,0,1,1,396.6182,370.905,367.355,368.8284
1,0,0,1,0,1,0,0,1,1,0,0,0,1,5,401.7772,368.1458,367.8158,368.7246
1,0,0,1,0,1,0,0,1,1,0,0,0,1,9,399.2992,368.4098,367.7516,367.6306
1,0,0,1,0,1,0,0,1,1,0,0,1,0,1,400.1236,368.9858,368.2712,368.1286
1,0,0,1,0,1,0,0,1,1,0,0,1,0,5,402.7496,368.0682,368.1756,368.1188
1,0,0,1,0,1,0,0,1,1,0,0,1,0,9,394.371,367.968,367.4022,368.4166
1,0,0,1,0,1,0,0,1,1,0,0,1,1,1,396.1842,369.9778,368.6788,368.0648
1,0,0,1,0,1,0,0,1,1,0,0,1,1,5,395.609,369.2924,368.0658,367.812
1,0,0,1,0,1,0,0,1,1,0,0,1,1,9,396.547,367.7874,365.6634,368.2284
1,0,1,1,0,0,0,0,1,1,0,0,0,0,1,396.7012,368.7392,368.1846,367.4712
1,0,1,1,0,0,0,0,1,1,0,0,0,0,5,397.5308,369.2668,369.5576,366.9928
1,0,1,1,0,0,0,0,1,1,0,0,0,0,9,396.8652,367.8096,367.9722,366.6018
1,0,1,1,0,0,0,0,1,1,0,0,0,1,1,392.3002,370.5462,367.7842,366.2182
1,0,1,1,0,0,0,0,1,1,0,0,0,1,5,395.2534,368.253,367.3048,368.0808
1,0,1,1,0,0,0,0,1,1,0,0,0,1,9,402.0962,367.7954,367.4702,367.9336
1,0,1,1,0,0,0,0,1,1,0,0,1,0,1,405.7736,369.975,367.4446,367.0482
1,0,1,1,0,0,0,0,1,1,0,0,1,0,5,402.4598,368.4548,366.5408,368.7822
1,0,1,1,0,0,0,0,1,1,0,0,1,0,9,396.3652,369.1362,368.1142,367.3768
1,0,1,1,0,0,0,0,1,1,0,0,1,1,1,395.5166,368.292,368.319,369.7136
1,0,1,1,0,0,0,0,1,1,0,0,1,1,5,394.4062,368.2804,367.5244,366.8882
1,0,1,1,0,0,0,0,1,1,0,0,1,1,9,394.9548,370.3744,367.2342,368.5124
1,0,1,1,0,1,0,0,1,1,0,0,0,0,1,394.5772,368.4952,369.185,367.7774
1,0,1,1,0,1,0,0,1,1,0,0,0,0,5,395.867,368.237,366.6566,368.1102
1,0,1,1,0,1,0,0,1,1,0,0,0,0,9,392.3854,367.794,366.2898,367.3896
1,0,1,1,0,1,0,0,1,1,0,0,0,1,1,397.0678,367.551,367.139,368.171
1,0,1,1,0,1,0,0,1,1,0,0,0,1,5,395.7454,369.9392,368.335,368.4718
1,0,1,1,0,1,0,0,1,1,0,0,0,1,9,401.9526,369.357,366.7594,367.9278
1,0,1,1,0,1,0,0,1,1,0,0,1,0,1,403.6824,369.1596,368.4996,366.5074
1,0,1,1,0,1,0,0,1,1,0,0,1,0,5,401.2402,368.7608,366.8546,366.1346
1,0,1,1,0,1,0,0,1,1,0,0,1,0,9,403.2508,367.6412,368.67,367.5538
1,0,1,1,0,1,0,0,1,1,0,0,1,1,1,393.2434,369.546,367.5392,367.9358
1,0,1,1,0,1,0,0,1,1,0,0,1,1,5,396.7856,368.0044,367.1646,367.3744
1,0,1,1,0,1,0,0,1,1,0,0,1,1,9,393.4644,368.9358,366.5922,368.5422
1,1,0,1,0,0,0,0,1,1,0,0,0,0,1,400.3602,369.4496,366.1416,367.171
1,1,0,1,0,0,0,0,1,1,0,0,0,0,5,400.1884,367.7664,367.9248,366.7926
1,1,0,1,0,0,0,0,1,1,0,0,0,0,9,401.2446,367.2586,368.7916,367.923
1,1,0,1,0,0,0,0,1,1,0,0,0,1,1,400.1784,369.5102,368.8258,368.7242
1,1,0,1,0,0,0,0,1,1,0,0,0,1,5,400.5488,369.966,368.9078,368.673
1,1,0,1,0,0,0,0,1,1,0,0,0,1,9,408.3856,368.905,366.5242,369.1186
1,1,0,1,0,0,0,0,1,1,0,0,1,0,1,408.5308,369.8112,366.149,367.7752
1,1,0,1,0,0,0,0,1,1,0,0,1,0,5,408.6652,368.091,366.2422,367.1424
1,1,0,1,0,0,0,0,1,1,0,0,1,0,9,410.1608,367.5278,367.4496,367.5512
1,1,0,1,0,0,0,0,1,1,0,0,1,1,1,400.341,370.2104,367.4604,368.5638
1,1,0,1,0,0,0,0,1,1,0,0,1,1,5,402.0566,367.8308,367.6934,369.0486
1,1,0,1,0,0,0,0,1,1,0,0,1,1,9,401.486,368.0588,368.2038,368.4262
1,1,0,1,0,1,0,0,1,1,0,0,0,0,1,398.42,370.282,368.7262,366.6288
1,1,0,1,0,1,0,0,1,1,0,0,0,0,5,400.8072,368.9046,368.9694,368.2186
1,1,0,1,0,1,0,0,1,1,0,0,0,0,9,400.6996,369.464,366.9876,368.4324
1,1,0,1,0,1,0,0,1,1,0,0,0,1,1,397.77,368.6826,368.1346,368.131
1,1,0,1,0,1,0,0,1,1,0,0,0,1,5,399.4866,368.4838,368.7938,369.6888
1,1,0,1,0,1,0,0,1,1,0,0,0,1,9,399.8088,369.9282,368.1784,368.142
1,1,0,1,0,1,0,0,1,1,0,0,1,0,1,402.037,369.1354,366.6192,368.9644
1,1,0,1,0,1,0,0,1,1,0,0,1,0,5,409.025,368.5416,367.9286,367.312
1,1,0,1,0,1,0,0,1,1,0,0,1,0,9,409.4366,368.4354,367.6998,367.6924
1,1,0,1,0,1,0,0,1,1,0,0,1,1,1,409.0506,369.963,367.5004,369.9614
1,1,0,1,0,1,0,0,1,1,0,0,1,1,5,408.2786,369.9222,367.653,368.6372
1,1,0,1,0,1,0,0,1,1,0,0,1,1,9,408.5744,369.4844,369.1162,368.5708
1,1,1,1,0,0,0,0,1,1,0,0,0,0,1,400.7554,368.4836,367.8474,368.5214
1,1,1,1,0,0,0,0,1,1,0,0,0,0,5,401.0614,370.3222,369.6478,368.4788
1,1,1,1,0,0,0,0,1,1,0,0,0,0,9,402.0892,367.7794,368.8752,367.8432
1,1,1,1,0,0,0,0,1,1,0,0,0,1,1,399.1726,369.8474,368.0162,367.1022
1,1,1,1,0,0,0,0,1,1,0,0,0,1,5,402.2968,366.6562,368.17,367.9934
1,1,1,1,0,0,0,0,1,1,0,0,0,1,9,401.5968,369.419,368.213,370.077
1,1,1,1,0,0,0,0,1,1,0,0,1,0,1,407.8632,370.0134,367.4604,366.5448
1,1,1,1,0,0,0,0,1,1,0,0,1,0,5,408.062,369.432,367.965,368.7434
1,1,1,1,0,0,0,0,1,1,0,0,1,0,9,406.2036,369.452,368.8296,368.1522
1,1,1,1,0,0,0,0,1,1,0,0,1,1,1,400.1642,370.1316,368.1636,367.7154
1,1,1,1,0,0,0,0,1,1,0,0,1,1,5,409.4978,371.2102,369.2112,367.5684
1,1,1,1,0,0,0,0,1,1,0,0,1,1,9,410.2214,369.3536,368.7148,368.39
1,1,1,1,0,1,0,0,1,1,0,0,0,0,1,399.7422,369.7712,369.5166,369.8208
1,1,1,1,0,1,0,0,1,1,0,0,0,0,5,401.1206,369.9824,368.8188,370.2152
1,1,1,1,0,1,0,0,1,1,0,0,0,0,9,401.5496,370.897,369.105,368.9956
1,1,1,1,0,1,0,0,1,1,0,0,0,1,1,401.3622,369.6854,369.9926,369.475
1,1,1,1,0,1,0,0,1,1,0,0,0,1,5,400.2912,371.2378,367.7316,368.5688
1,1,1,1,0,1,0,0,1,1,0,0,0,1,9,400.8206,370.1714,367.5308,367.9454
1,1,1,1,0,1,0,0,1,1,0,0,1,0,1,408.1376,368.659,368.656,369.4338
1,1,1,1,0,1,0,0,1,1,0,0,1,0,5,400.4868,370.1116,368.6442,367.3364
1,1,1,1,0,1,0,0,1,1,0,0,1,0,9,408.7386,370.263,370.4808,367.795
1,1,1,1,0,1,0,0,1,1,0,0,1,1,1,407.0038,369.6306,368.752,369.9372
1,1,1,1,0,1,0,0,1,1,0,0,1,1,5,408.0524,369.1762,368.3472,367.7898
1,1,1,1,0,1,0,0,1,1,0,0,1,1,9,408.7942,370.3848,370.1494,369.512
1,0,0,1,0,0,0,0,1,1,1,0,0,0,1,397.0354,370.2516,367.1294,368.7618
1,0,0,1,0,0,0,0,1,1,1,0,0,0,5,394.1062,367.4102,368.325,367.4314
1,0,0,1,0,0,0,0,1,1,1,0,0,0,9,396.4334,368.823,368.934,367.7594
1,0,0,1,0,0,0,0,1,1,1,0,0,1,1,393.1548,369.1358,368.5608,368.3446
1,0,0,1,0,0,0,0,1,1,1,0,0,1,5,395.8738,369.2116,367.8572,368.4624
1,0,0,1,0,0,0,0,1,1,1,0,0,1,9,396.0408,369.4796,368.8686,367.6912
1,0,0,1,0,0,0,0,1,1,1,0,1,0,1,396.249,369.1716,369.2268,367.2622
1,0,0,1,0,0,0,0,1,1,1,0,1,0,5,395.8736,369.1012,368.9138,368.8522
1,0,0,1,0,0,0,0,1,1,1,0,1,0,9,403.5422,367.756,367.9756,367.8324
1,0,0,1,0,0,0,0,1,1,1,0,1,1,1,400.798,368.6966,368.3828,370.6118
1,0,0,1,0,0,0,0,1,1,1,0,1,1,5,403.4618,368.67,368.113,369.8554
1,0,0,1,0,0,0,0,1,1,1,0,1,1,9,395.3142,368.0508,368.2658,367.2104
1,0,0,1,0,0,0,0,1,1,1,1,0,0,1,393.854,367.8892,366.7986,367.6824
1,0,0,1,0,0,0,0,1,1,1,1,0,0,5,393.2642,369.9176,369.3714,367.2246
1,0,0,1,0,0,0,0,1,1,1,1,0,0,9,394.3132,369.204,370.2104,369.19
1,0,0,1,0,0,0,0,1,1,1,1,0,1,1,395.781,370.4708,367.7642,367.871
1,0,0,1,0,0,0,0,1,1,1,1,0,1,5,396.2602,369.89,369.8824,370.0622
1,0,0,1,0,0,0,0,1,1,1,1,0,1,9,394.4342,368.3112,369.7758,367.5172
1,0,0,1,0,0,0,0,1,1,1,1,1,0,1,393.2246,369.6572,368.0706,367.6098
1,0,0,1,0,0,0,0,1,1,1,1,1,0,5,403.2198,368.6528,366.5172,368.0422
1,0,0,1,0,0,0,0,1,1,1,1,1,0,9,399.5066,368.4208,368.955,368.9338
1,0,0,1,0,0,0,0,1,1,1,1,1,1,1,402.0492,368.7194,367.8132,368.7966
1,0,0,1,0,0,0,0,1,1,1,1,1,1,5,394.6436,368.306,367.6012,367.8038
1,0,0,1,0,0,0,0,1,1,1,1,1,1,9,396.0632,370.219,367.3316,367.5132
1,0,0,1,0,1,0,0,1,1,1,0,0,0,1,394.0398,368.8538,368.3652,368.7986
1,0,0,1,0,1,0,0,1,1,1,0,0,0,5,396.0568,367.5992,368.4004,368.237
1,0,0,1,0,1,0,0,1,1,1,0,0,0,9,393.4886,370.1796,368.907,367.846
1,0,0,1,0,1,0,0,1,1,1,0,0,1,1,394.8102,369.0404,369.4998,367.6888
1,0,0,1,0,1,0,0,1,1,1,0,0,1,5,394.5044,369.9124,369.3228,368.7232
1,0,0,1,0,1,0,0,1,1,1,0,0,1,9,393.4272,369.8882,368.9432,368.5626
1,0,0,1,0,1,0,0,1,1,1,0,1,0,1,399.6694,368.691,367.5104,367.7588
1,0,0,1,0,1,0,0,1,1,1,0,1,0,5,401.3532,369.2454,368.0422,368.2768
1,0,0,1,0,1,0,0,1,1,1,0,1,0,9,391.2494,367.9614,368.0726,369.3544
1,0,0,1,0,1,0,0,1,1,1,0,1,1,1,393.5706,369.0252,369.8334,368.9842
1,0,0,1,0,1,0,0,1,1,1,0,1,1,5,395.3466,369.5738,368.6734,367.8216
1,0,0,1,0,1,0,0,1,1,1,0,1,1,9,393.1138,370.9196,369.0858,368.7814
1,0,0,1,0,1,0,0,1,1,1,1,0,0,1,394.0282,370.3878,369.4612,371.7404
1,0,0,1,0,1,0,0,1,1,1,1,0,0,5,394.4064,368.9298,368.5386,369.2896
1,0,0,1,0,1,0,0,1,1,1,1,0,0,9,395.4716,370.0514,369.5002,371.6136
1,0,0,1,0,1,0,0,1,1,1,1,0,1,1,393.931,371.0658,367.6392,369.6752
1,0,0,1,0,1,0,0,1,1,1,1,0,1,5,402.332,369.0688,367.4462,367.6612
1,0,0,1,0,1,0,0,1,1,1,1,0,1,9,401.0328,369.7892,368.8814,368.3778
1,0,0,1,0,1,0,0,1,1,1,1,1,0,1,400.8256,369.0018,368.1288,370.0132
1,0,0,1,0,1,0,0,1,1,1,1,1,0,5,396.0716,369.0164,366.7908,369.5996
1,0,0,1,0,1,0,0,1,1,1,1,1,0,9,394.555,368.6612,368.116,367.8516
1,0,0,1,0,1,0,0,1,1,1,1,1,1,1,395.5234,368.9402,369.105,368.0886
1,0,0,1,0,1,0,0,1,1,1,1,1,1,5,394.8436,368.7516,369.5344,368.4998
1,0,0,1,0,1,0,0,1,1,1,1,1,1,9,395.9156,369.9128,367.9322,367.7124
1,0,1,1,0,0,0,0,1,1,1,0,0,0,1,396.3024,369.409,367.5452,367.5114
1,0,1,1,0,0,0,0,1,1,1,0,0,0,5,394.9796,370.38,367.7858,368.8294
1,0,1,1,0,0,0,0,1,1,1,0,0,0,9,396.5862,369.4384,366.711,367.7558
1,0,1,1,0,0,0,0,1,1,1,0,0,1,1,392.0946,368.0944,370.0116,367.6216
1,0,1,1,0,0,0,0,1,1,1,0,0,1,5,401.144,368.5846,367.1876,368.1412
1,0,1,1,0,0,0,0,1,1,1,0,0,1,9,400.9022,369.0044,367.9626,367.3122
1,0,1,1,0,0,0,0,1,1,1,0,1,0,1,402.611,370.0682,369.275,367.5376
1,0,1,1,0,0,0,0,1,1,1,0,1,0,5,396.3584,370.2182,365.8198,367.879
1,0,1,1,0,0,0,0,1,1,1,0,1,0,9,393.8092,370.7352,368.1816,368.004
1,0,1,1,0,0,0,0,1,1,1,0,1,1,1,395.3466,369.1824,369.0326,369.8364
1,0,1,1,0,0,0,0,1,1,1,0,1,1,5,393.322,368.1174,369.0318,369.6092
1,0,1,1,0,0,0,0,1,1,1,0,1,1,9,393.5924,369.3476,368.827,367.7796
1,0,1,1,0,0,0,0,1,1,1,1,0,0,1,401.2296,369.981,368.8606,367.8884
1,0,1,1,0,0,0,0,1,1,1,1,0,0,5,402.8822,369.4214,367.5926,368.6536
1,0,1,1,0,0,0,0,1,1,1,1,0,0,9,393.2354,368.3616,368.5058,368.076
1,0,1,1,0,0,0,0,1,1,1,1,0,1,1,394.1314,369.0998,369.4562,368.5872
1,0,1,1,0,0,0,0,1,1,1,1,0,1,5,393.0044,369.4428,367.8478,367.8824
1,0,1,1,0,0,0,0,1,1,1,1,0,1,9,393.451,368.3858,369.4292,369.0276
1,0,1,1,0,0,0,0,1,1,1,1,1,0,1,393.5832,369.349,368.4896,368.4126
1,0,1,1,0,0,0,0,1,1,1,1,1,0,5,401.3884,369.3786,369.2274,367.9672
1,0,1,1,0,0,0,0,1,1,1,1,1,0,9,394.9148,369.393,369.1554,368.5626
1,0,1,1,0,0,0,0,1,1,1,1,1,1,1,394.3604,370.6994,367.1614,366.1698
1,0,1,1,0,0,0,0,1,1,1,1,1,1,5,395.2138,370.2606,367.642,368.8968
1,0,1,1,0,0,0,0,1,1,1,1,1,1,9,393.3312,370.546,369.7972,367.925
1,0,1,1,0,1,0,0,1,1,1,0,0,0,1,394.243,371.0836,368.6228,368.1914
1,0,1,1,0,1,0,0,1,1,1,0,0,0,5,402.7628,368.916,370.1382,368.7618
1,0,1,1,0,1,0,0,1,1,1,0,0,0,9,403.8858,369.22,368.8994,368.5258
1,0,1,1,0,1,0,0,1,1,1,0,0,1,1,400.8062,370.4836,368.771,370.9004
1,0,1,1,0,1,0,0,1,1,1,0,0,1,5,394.7628,369.2488,367.7826,368.5722
1,0,1,1,0,1,0,0,1,1,1,0,0,1,9,395.7,369.3154,369.3154,367.9284
1,0,1,1,0,1,0,0,1,1,1,0,1,0,1,393.3462,369.5784,368.186,369.5982
1,0,1,1,0,1,0,0,1,1,1,0,1,0,5,395.0702,368.2996,369.4212,369.2824
1,0,1,1,0,1,0,0,1,1,1,0,1,0,9,394.6806,368.6042,370.0328,368.5188
1,0,1,1,0,1,0,0,1,1,1,0,1,1,1,394.4772,370.8152,368.5328,368.4378
1,0,1,1,0,1,0,0,1,1,1,0,1,1,5,394.9416,370.5452,369.4804,368.3006
1,0,1,1,0,1,0,0,1,1,1,0,1,1,9,395.8286,369.971,368.417,370.249
1,0,1,1,0,1,0,0,1,1,1,1,0,0,1,392.4996,367.8684,368.5896,369.541
1,0,1,1,0,1,0,0,1,1,1,1,0,0,5,402.5726,368.9968,369.7418,370.196
1,0,1,1,0,1,0,0,1,1,1,1,0,0,9,394.54,370.168,369.3226,369.5612
1,0,1,1,0,1,0,0,1,1,1,1,0,1,1,395.513,369.8342,369.4656,368.2492
1,0,1,1,0,1,0,0,1,1,1,1,0,1,5,395.0282,368.8144,368.8424,368.7844
1,0,1,1,0,1,0,0,1,1,1,1,0,1,9,393.594,368.9576,368.4946,368.3772
1,0,1,1,0,1,0,0,1,1,1,1,1,0,1,393.6942,369.6058,369.6758,368.198
1,0,1,1,0,1,0,0,1,1,1,1,1,0,5,393.3104,369.379,369.0476,367.2446
1,0,1,1,0,1,0,0,1,1,1,1,1,0,9,395.9656,368.1074,369.3328,368.8132
1,0,1,1,0,1,0,0,1,1,1,1,1,1,1,394.9262,370.0526,367.5494,369.6974
1,0,1,1,0,1,0,0,1,1,1,1,1,1,5,397.168,368.0636,370.4866,369.0282
1,0,1,1,0,1,0,0,1,1,1,1,1,1,9,397.6914,369.6808,366.6238,366.622
1,1,0,1,0,0,0,0,1,1,1,0,0,0,1,400.363,368.9272,369.0338,369.2908
1,1,0,1,0,0,0,0,1,1,1,0,0,0,5,401.904,368.2052,370.0392,368.7934
1,1,0,1,0,0,0,0,1,1,1,0,0,0,9,401.5284,370.283,369.25,367.436
1,1,0,1,0,0,0,0,1,1,1,0,0,1,1,402.1948,369.785,368.8058,369.063
1,1,0,1,0,0,0,0,1,1,1,0,0,1,5,400.4604,369.7898,368.6516,368.6248
1,1,0,1,0,0,0,0,1,1,1,0,0,1,9,401.9392,369.2498,368.8574,368.5338
1,1,0,1,0,0,0,0,1,1,1,0,1,0,1,401.4126,368.838,369.2652,367.9278
1,1,0,1,0,0,0,0,1,1,1,0,1,0,5,409.9808,369.1878,367.3712,367.4006
1,1,0,1,0,0,0,0,1,1,1,0,1,0,9,408.4952,370.1138,369.0084,368.0788
1,1,0,1,0,0,0,0,1,1,1,0,1,1,1,410.0414,368.1486,368.2908,368.069
1,1,0,1,0,0,0,0,1,1,1,0,1,1,5,398.2444,368.6268,369.158,369.6856
1,1,0,1,0,0,0,0,1,1,1,0,1,1,9,400.8962,368.9688,371.093,370.29
1,1,0,1,0,0,0,0,1,1,1,1,0,0,1,401.2238,369.448,368.3512,368.6576
1,1,0,1,0,0,0,0,1,1,1,1,0,0,5,402.0124,370.3908,368.3462,367.448
1,1,0,1,0,0,0,0,1,1,1,1,0,0,9,402.0942,370.2156,368.8546,368.9726
1,1,0,1,0,0,0,0,1,1,1,1,0,1,1,401.3582,368.5276,369.9764,368.7798
1,1,0,1,0,0,0,0,1,1,1,1,0,1,5,402.3162,369.601,368.6766,369.9076
1,1,0,1,0,0,0,0,1,1,1,1,0,1,9,401.6686,372.2256,368.9862,367.049
1,1,0,1,0,0,0,0,1,1,1,1,1,0,1,401.8056,370.2514,368.9738,367.698
1,1,0,1,0,0,0,0,1,1,1,1,1,0,5,408.2478,369.7542,369.7464,368.9668
1,1,0,1,0,0,0,0,1,1,1,1,1,0,9,409.995,369.0518,370.1354,369.0494
1,1,0,1,0,0,0,0,1,1,1,1,1,1,1,401.42,370.3534,368.4982,369.4868
1,1,0,1,0,0,0,0,1,1,1,1,1,1,5,397.9174,368.7388,370.5594,369.0674
1,1,0,1,0,0,0,0,1,1,1,1,1,1,9,400.7646,369.6724,369.3698,369.3534
1,1,0,1,0,1,0,0,1,1,1,0,0,0,1,399.9342,369.6386,368.415,370.2426
1,1,0,1,0,1,0,0,1,1,1,0,0,0,5,399.5194,370.915,369.1184,369.0864
1,1,0,1,0,1,0,0,1,1,1,0,0,0,9,402.5692,371.423,368.327,369.2116
1,1,0,1,0,1,0,0,1,1,1,0,0,1,1,408.5428,369.4544,364.7808,369.3142
1,1,0,1,0,1,0,0,1,1,1,0,0,1,5,407.2336,369.3074,368.9932,370.0518
1,1,0,1,0,1,0,0,1,1,1,0,0,1,9,401.2544,368.711,370.0692,369.916
1,1,0,1,0,1,0,0,1,1,1,0,1,0,1,399.7052,371.4522,369.51,370.0672
1,1,0,1,0,1,0,0,1,1,1,0,1,0,5,408.4532,368.085,369.6318,366.7566
1,1,0,1,0,1,0,0,1,1,1,0,1,0,9,402.622,368.787,367.8646,370.7526
1,1,0,1,0,1,0,0,1,1,1,0,1,1,1,400.101,368.4392,367.7044,369.5032
1,1,0,1,0,1,0,0,1,1,1,0,1,1,5,400.2788,368.181,370.0944,370.3346
1,1,0,1,0,1,0,0,1,1,1,0,1,1,9,399.6132,370.3256,368.2286,369.4806
1,1,0,1,0,1,0,0,1,1,1,1,0,0,1,399.6778,370.3328,370.5648,368.9916
1,1,0,1,0,1,0,0,1,1,1,1,0,0,5,401.5046,369.9028,367.4676,369.348
1,1,0,1,0,1,0,0,1,1,1,1,0,0,9,410.1386,369.1814,370.8276,368.9458
1,1,0,1,0,1,0,0,1,1,1,1,0,1,1,408.6284,369.183,370.5336,369.2522
1,1,0,1,0,1,0,0,1,1,1,1,0,1,5,409.1118,369.0282,368.2486,369.2076
1,1,0,1,0,1,0,0,1,1,1,1,0,1,9,402.5498,370.5706,369.3426,369.4616
1,1,0,1,0,1,0,0,1,1,1,1,1,0,1,408.605,369.0426,368.5194,370.1172
1,1,0,1,0,1,0,0,1,1,1,1,1,0,5,400.219,369.5556,369.1406,369.7612
1,1,0,1,0,1,0,0,1,1,1,1,1,0,9,400.5124,370.7724,369.6742,369.933
1,1,0,1,0,1,0,0,1,1,1,1,1,1,1,401.4966,369.4084,370.7504,368.498
1,1,0,1,0,1,0,0,1,1,1,1,1,1,5,402.2022,368.2094,370.452,369.4686
1,1,0,1,0,1,0,0,1,1,1,1,1,1,9,409.115,369.0374,367.9968,370.8624
1,1,1,1,0,0,0,0,1,1,1,0,0,0,1,400.552,369.8864,368.4902,369.4742
1,1,1,1,0,0,0,0,1,1,1,0,0,0,5,401.738,370.519,368.3264,368.7692
1,1,1,1,0,0,0,0,1,1,1,0,0,0,9,403.355,369.3532,370.3368,369.9976
1,1,1,1,0,0,0,0,1,1,1,0,0,1,1,410.2,370.0166,366.9932,369.7826
1,1,1,1,0,0,0,0,1,1,1,0,0,1,5,409.5928,369.0008,368.2804,368.6292
1,1,1,1,0,0,0,0,1,1,1,0,0,1,9,408.442,369.205,368.8004,369.1722
1,1,1,1,0,0,0,0,1,1,1,0,1,0,1,400.6564,368.2226,369.353,370.553
1,1,1,1,0,0,0,0,1,1,1,0,1,0,5,400.6742,370.0504,367.6706,370.8632
1,1,1,1,0,0,0,0,1,1,1,0,1,0,9,401.4958,368.5018,369.1572,369.371
1,1,1,1,0,0,0,0,1,1,1,0,1,1,1,401.5532,369.9676,369.205,370.4844
1,1,1,1,0,0,0,0,1,1,1,0,1,1,5,401.6938,369.7118,368.1134,369.603
1,1,1,1,0,0,0,0,1,1,1,0,1,1,9,401.0974,370.1052,368.6514,368.8176
1,1,1,1,0,0,0,0,1,1,1,1,0,0,1,401.2908,370.5764,368.39,367.8208
1,1,1,1,0,0,0,0,1,1,1,1,0,0,5,401.2656,369.0116,369.1578,369.7028
1,1,1,1,0,0,0,0,1,1,1,1,0,0,9,409.8188,371.1184,368.9698,368.5808
1,1,1,1,0,0,0,0,1,1,1,1,0,1,1,408.5866,369.1078,370.025,368.2782
1,1,1,1,0,0,0,0,1,1,1,1,0,1,5,402.6556,367.7998,367.3656,371.0692
1,1,1,1,0,0,0,0,1,1,1,1,0,1,9,401.9022,368.6268,369.2168,367.5596
1,1,1,1,0,0,0,0,1,1,1,1,1,0,1,402.9398,371.1242,369.7738,368.3812
1,1,1,1,0,0,0,0,1,1,1,1,1,0,5,402.0092,370.1596,369.7732,370.1328
1,1,1,1,0,0,0,0,1,1,1,1,1,0,9,401.0934,368.8228,367.7174,369.8492
1,1,1,1,0,0,0,0,1,1,1,1,1,1,1,400.2518,370.4652,369.7534,368.4922
1,1,1,1,0,0,0,0,1,1,1,1,1,1,5,401.8032,370.2442,370.3958,368.917
1,1,1,1,0,0,0,0,1,1,1,1,1,1,9,402.5268,370.3612,368.8142,367.5364
1,1,1,1,0,1,0,0,1,1,1,0,0,0,1,400.8918,370.517,370.4,368.7506
1,1,1,1,0,1,0,0,1,1,1,0,0,0,5,400.4002,369.6342,368.4522,368.7058
1,1,1,1,0,1,0,0,1,1,1,0,0,0,9,401.8434,368.599,367.885,368.0962
1,1,1,1,0,1,0,0,1,1,1,0,0,1,1,407.8742,369.7648,367.9428,369.2286
1,1,1,1,0,1,0,0,1,1,1,0,0,1,5,410.3232,370.2578,368.7454,368.2608
1,1,1,1,0,1,0,0,1,1,1,0,0,1,9,399.4804,369.4884,369.0652,368.0072
1,1,1,1,0,1,0,0,1,1,1,0,1,0,1,399.7954,369.0578,369.2458,369.2192
1,1,1,1,0,1,0,0,1,1,1,0,1,0,5,399.7146,369.318,369.5926,368.259
1,1,1,1,0,1,0,0,1,1,1,0,1,0,9,401.5492,370.1154,371.273,367.6158
1,1,1,1,0,1,0,0,1,1,1,0,1,1,1,401.0568,370.401,369.1922,370.4154
1,1,1,1,0,1,0,0,1,1,1,0,1,1,5,401.3894,368.4476,368.2992,369.4116
1,1,1,1,0,1,0,0,1,1,1,0,1,1,9,407.4358,369.8424,368.1648,368.094
1,1,1,1,0,1,0,0,1,1,1,1,0,0,1,401.0092,371.0466,371.2696,370.1726
1,1,1,1,0,1,0,0,1,1,1,1,0,0,5,401.1464,369.5156,369.7442,367.0344
1,1,1,1,0,1,0,0,1,1,1,1,0,0,9,402.3956,369.5714,369.9344,369.0364
1,1,1,1,0,1,0,0,1,1,1,1,0,1,1,400.4142,370.303,369.9074,368.3954
1,1,1,1,0,1,0,0,1,1,1,1,0,1,5,401.6416,370.715,369.7096,369.0878
1,1,1,1,0,1,0,0,1,1,1,1,0,1,9,402.723,369.4932,370.9818,369.3542
1,1,1,1,0,1,0,0,1,1,1,1,1,0,1,401.025,370.7876,368.8252,367.2138
1,1,1,1,0,1,0,0,1,1,1,1,1,0,5,400.8398,368.1388,369.4636,369.1838
1,1,1,1,0,1,0,0,1,1,1,1,1,0,9,409.1436,370.0696,368.5532,369.1284
1,1,1,1,0,1,0,0,1,1,1,1,1,1,1,401.4146,370.3318,369.1912,369.1958
1,1,1,1,0,1,0,0,1,1,1,1,1,1,5,402.1862,370.1916,370.1476,369.161
1,1,1,1,0,1,0,0,1,1,1,1,1,1,9,401.9788,370.1022,370.6238,369.135
1,0,0,1,0,0,0,1,1,1,0,0,0,0,1,406.4728,368.983,368.3176,368.4766
1,0,0,1,0,0,0,1,1,1,0,0,0,0,5,406.1092,369.9184,368.0232,368.6298
1,0,0,1,0,0,0,1,1,1,0,0,0,0,9,406.669,369.703,370.3542,367.5124
1,0,0,1,0,0,0,1,1,1,0,0,0,1,1,407.417,370.8528,367.5432,369.1012
1,0,0,1,0,0,0,1,1,1,0,0,0,1,5,407.2018,370.1106,368.9898,370.304
1,0,0,1,0,0,0,1,1,1,0,0,0,1,9,417.1502,370.25,368.5296,366.8024
1,0,0,1,0,0,0,1,1,1,0,0,1,0,1,407.3616,369.0458,367.4868,368.1872
1,0,0,1,0,0,0,1,1,1,0,0,1,0,5,415.2602,370.495,368.5388,368.8234
1,0,0,1,0,0,0,1,1,1,0,0,1,0,9,414.9274,368.808,365.9452,369.1768
1,0,0,1,0,0,0,1,1,1,0,0,1,1,1,406.0674,370.2268,369.6322,369.7904
1,0,0,1,0,0,0,1,1,1,0,0,1,1,5,406.11,369.191,368.8038,368.1268
1,0,0,1,0,0,0,1,1,1,0,0,1,1,9,407.2044,370.256,368.359,367.3258
1,0,0,1,0,1,0,1,1,1,0,0,0,0,1,407.1108,370.9836,368.4666,370.338
1,0,0,1,0,1,0,1,1,1,0,0,0,0,5,407.9248,369.5996,369.9772,368.0426
1,0,0,1,0,1,0,1,1,1,0,0,0,0,9,409.5484,369.3392,369.2344,369.754
1,0,0,1,0,1,0,1,1,1,0,0,0,1,1,405.8444,369.4884,369.175,369.4646
1,0,0,1,0,1,0,1,1,1,0,0,0,1,5,406.4906,368.3962,369.5256,368.5188
1,0,0,1,0,1,0,1,1,1,0,0,0,1,9,405.7298,370.5118,368.9116,370.806
1,0,0,1,0,1,0,1,1,1,0,0,1,0,1,406.8166,369.499,368.1464,370.3896
1,0,0,1,0,1,0,1,1,1,0,0,1,0,5,417.1108,370.6054,367.217,368.8152
1,0,0,1,0,1,0,1,1,1,0,0,1,0,9,414.5578,369.0324,368.328,367.7434
1,0,0,1,0,1,0,1,1,1,0,0,1,1,1,406.725,366.977,368.774,367.2546
1,0,0,1,0,1,0,1,1,1,0,0,1,1,5,407.9578,370.4588,368.2046,366.4574
1,0,0,1,0,1,0,1,1,1,0,0,1,1,9,407.1398,369.2572,369.7462,365.1068
1,0,1,1,0,0,0,1,1,1,0,0,0,0,1,407.3148,367.613,369.0682,367.2212
1,0,1,1,0,0,0,1,1,1,0,0,0,0,5,407.8924,369.8518,367.5916,369.201
1,0,1,1,0,0,0,1,1,1,0,0,0,0,9,416.0964,371.2566,367.446,367.0954
1,0,1,1,0,0,0,1,1,1,0,0,0,1,1,415.5308,368.934,369.258,367.6544
1,0,1,1,0,0,0,1,1,1,0,0,0,1,5,416.8712,368.432,368.1062,367.53
1,0,1,1,0,0,0,1,1,1,0,0,0,1,9,407.3154,370.3966,368.7574,367.5512
1,0,1,1,0,0,0,1,1,1,0,0,1,0,1,406.3794,368.9006,367.9516,368.5722
1,0,1,1,0,0,0,1,1,1,0,0,1,0,5,405.7276,370.2872,367.842,368.698
1,0,1,1,0,0,0,1,1,1,0,0,1,0,9,407.9432,367.6452,370.141,369.7422
1,0,1,1,0,0,0,1,1,1,0,0,1,1,1,406.4984,371.047,369.8782,367.8768
1,0,1,1,0,0,0,1,1,1,0,0,1,1,5,406.2978,369.756,368.855,367.0574
1,0,1,1,0,0,0,1,1,1,0,0,1,1,9,407.8868,370.08,369.5842,369.075
1,0,1,1,0,1,0,1,1,1,0,0,0,0,1,406.5424,368.528,369.9994,368.1404
1,0,1,1,0,1,0,1,1,1,0,0,0,0,5,407.1728,369.4874,367.5496,369.3898
1,0,1,1,0,1,0,1,1,1,0,0,0,0,9,407.552,370.848,371.0866,367.8562
1,0,1,1,0,1,0,1,1,1,0,0,0,1,1,415.5652,368.6904,367.556,367.9768
1,0,1,1,0,1,0,1,1,1,0,0,0,1,5,407.9154,369.4348,370.3834,369.42
1,0,1,1,0,1,0,1,1,1,0,0,0,1,9,416.2544,370.0832,370.1136,368.9296
1,0,1,1,0,1,0,1,1,1,0,0,1,0,1,405.9748,367.928,370.3538,368.5626
1,0,1,1,0,1,0,1,1,1,0,0,1,0,5,408.1778,368.453,367.0548,368.8974
1,0,1,1,0,1,0,1,1,1,0,0,1,0,9,405.8474,368.7784,368.7678,369.7558
1,0,1,1,0,1,0,1,1,1,0,0,1,1,1,406.7514,368.8494,367.951,369.353
1,0,1,1,0,1,0,1,1,1,0,0,1,1,5,409.4872,370.5298,368.8648,368.724
1,0,1,1,0,1,0,1,1,1,0,0,1,1,9,406.7698,370.6464,369.8546,368.4948
1,1,0,1,0,0,0,1,1,1,0,0,0,0,1,415.7338,371.1978,368.0148,367.4366
1,1,0,1,0,0,0,1,1,1,0,0,0,0,5,416.1518,370.0834,369.0798,369.0988
1,1,0,1,0,0,0,1,1,1,0,0,0,0,9,414.489,370.0182,368.1802,368.6166
1,1,0,1,0,0,0,1,1,1,0,0,0,1,1,414.717,370.5582,369.1366,369.103
1,1,0,1,0,0,0,1,1,1,0,0,0,1,5,419.4258,369.754,367.899,369.7192
1,1,0,1,0,0,0,1,1,1,0,0,0,1,9,424.7948,370.3026,367.348,369.6318
1,1,0,1,0,0,0,1,1,1,0,0,1,0,1,415.8486,368.8956,369.0036,367.6198
1,1,0,1,0,0,0,1,1,1,0,0,1,0,5,417.0868,369.0664,368.7556,368.0726
1,1,0,1,0,0,0,1,1,1,0,0,1,0,9,415.6014,368.05,369.5352,368.2728
1,1,0,1,0,0,0,1,1,1,0,0,1,1,1,415.013,368.8472,369.829,369.9536
1,1,0,1,0,0,0,1,1,1,0,0,1,1,5,417.0832,370.0634,369.0108,367.3598
1,1,0,1,0,0,0,1,1,1,0,0,1,1,9,415.8012,369.9756,370.4596,369.4814
1,1,0,1,0,1,0,1,1,1,0,0,0,0,1,414.8074,371.0424,367.3364,369.8466
1,1,0,1,0,1,0,1,1,1,0,0,0,0,5,417.313,368.4832,368.9302,370.0048
1,1,0,1,0,1,0,1,1,1,0,0,0,0,9,416.5106,371.0924,369.2232,368.391
1,1,0,1,0,1,0,1,1,1,0,0,0,1,1,414.756,369.3436,371.0516,368.9526
1,1,0,1,0,1,0,1,1,1,0,0,0,1,5,415.5334,370.8114,368.4216,369.3692
1,1,0,1,0,1,0,1,1,1,0,0,0,1,9,425.4164,367.5058,368.1674,367.908
1,1,0,1,0,1,0,1,1,1,0,0,1,0,1,415.6538,370.364,367.4742,368.4078
1,1,0,1,0,1,0,1,1,1,0,0,1,0,5,415.206,370.484,369.5112,367.754
1,1,0,1,0,1,0,1,1,1,0,0,1,0,9,416.3862,369.3964,366.0952,368.9978
1,1,0,1,0,1,0,1,1,1,0,0,1,1,1,413.6362,369.1482,367.6708,369.58
1,1,0,1,0,1,0,1,1,1,0,0,1,1,5,423.8688,369.5234,369.5796,368.2476
1,1,0,1,0,1,0,1,1,1,0,0,1,1,9,414.8158,369.8774,367.536,368.8076
1,1,1,1,0,0,0,1,1,1,0,0,0,0,1,415.337,368.6024,369.3488,366.2418
1,1,1,1,0,0,0,1,1,1,0,0,0,0,5,416.026,371.2222,367.756,369.288
1,1,1,1,0,0,0,1,1,1,0,0,0,0,9,413.9092,370.261,367.709,367.1586
1,1,1,1,0,0,0,1,1,1,0,0,0,1,1,415.0084,368.3262,368.8342,367.161
1,1,1,1,0,0,0,1,1,1,0,0,0,1,5,416.0708,369.4568,367.9052,368.0746
1,1,1,1,0,0,0,1,1,1,0,0,0,1,9,415.5424,370.1308,368.1664,367.7518
1,1,1,1,0,0,0,1,1,1,0,0,1,0,1,415.4526,368.8752,368.5334,367.219
1,1,1,1,0,0,0,1,1,1,0,0,1,0,5,425.3706,369.6536,368.3974,368.7306
1,1,1,1,0,0,0,1,1,1,0,0,1,0,9,426.2556,369.747,368.1452,368.756
1,1,1,1,0,0,0,1,1,1,0,0,1,1,1,424.2932,368.8188,368.8368,367.671
1,1,1,1,0,0,0,1,1,1,0,0,1,1,5,416.7334,369.1894,369.081,367.548
1,1,1,1,0,0,0,1,1,1,0,0,1,1,9,417.2634,370.4096,367.4868,368.4122
1,1,1,1,0,1,0,1,1,1,0,0,0,0,1,414.8832,371.486,367.783,368.5854
1,1,1,1,0,1,0,1,1,1,0,0,0,0,5,416.7322,367.9638,368.3896,367.5586
1,1,1,1,0,1,0,1,1,1,0,0,0,0,9,415.7328,369.8266,367.5722,367.8648
1,1,1,1,0,1,0,1,1,1,0,0,0,1,1,413.603,370.103,368.2354,368.3716
1,1,1,1,0,1,0,1,1,1,0,0,0,1,5,415.3752,370.6166,368.0194,368.2494
1,1,1,1,0,1,0,1,1,1,0,0,0,1,9,417.8648,373.2942,368.4904,367.7142
1,1,1,1,0,1,0,1,1,1,0,0,1,0,1,423.597,368.9984,366.7518,369.3914
1,1,1,1,0,1,0,1,1,1,0,0,1,0,5,427.1286,368.4244,368.1578,367.9792
1,1,1,1,0,1,0,1,1,1,0,0,1,0,9,424.3356,369.535,369.1324,366.8636
1,1,1,1,0,1,0,1,1,1,0,0,1,1,1,426.0004,368.756,369.151,368.1798
1,1,1,1,0,1,0,1,1,1,0,0,1,1,5,425.3224,370.3506,368.555,369.8938
1,1,1,1,0,1,0,1,1,1,0,0,1,1,9,416.6026,370.0602,369.5112,367.7226
1,0,0,1,0,0,0,1,1,1,1,0,0,0,1,409.98,368.6828,366.8082,368.1304
1,0,0,1,0,0,0,1,1,1,1,0,0,0,5,408.2226,368.7966,367.9816,369.3076
1,0,0,1,0,0,0,1,1,1,1,0,0,0,9,408.6672,371.649,368.1824,368.364
1,0,0,1,0,0,0,1,1,1,1,0,0,1,1,407.7624,369.534,368.423,368.3464
1,0,0,1,0,0,0,1,1,1,1,0,0,1,5,410.3114,370.655,368.7504,368.8394
1,0,0,1,0,0,0,1,1,1,1,0,0,1,9,407.3932,367.8088,367.2386,369.2348
1,0,0,1,0,0,0,1,1,1,1,0,1,0,1,408.0798,369.528,368.345,367.7286
1,0,0,1,0,0,0,1,1,1,1,0,1,0,5,418.851,368.9326,367.7046,368.2124
1,0,0,1,0,0,0,1,1,1,1,0,1,0,9,417.3078,369.029,366.5142,367.5302
1,0,0,1,0,0,0,1,1,1,1,0,1,1,1,408.0862,369.6214,368.8664,366.0812
1,0,0,1,0,0,0,1,1,1,1,0,1,1,5,409.7004,368.8766,367.9874,368.0296
1,0,0,1,0,0,0,1,1,1,1,0,1,1,9,408.26,368.164,368.9036,367.453
1,0,0,1,0,0,0,1,1,1,1,1,0,0,1,407.982,369.53,368.9796,367.226
1,0,0,1,0,0,0,1,1,1,1,1,0,0,5,405.7938,369.054,367.798,367.7928
1,0,0,1,0,0,0,1,1,1,1,1,0,0,9,409.0362,369.3008,368.0902,368.753
1,0,0,1,0,0,0,1,1,1,1,1,0,1,1,409.58,369.137,367.279,368.572
1,0,0,1,0,0,0,1,1,1,1,1,0,1,5,409.1006,369.5778,370.106,368.9836
1,0,0,1,0,0,0,1,1,1,1,1,0,1,9,409.8818,367.9864,368.8942,367.2972
1,0,0,1,0,0,0,1,1,1,1,1,1,0,1,416.5104,367.678,367.2738,368.507
1,0,0,1,0,0,0,1,1,1,1,1,1,0,5,419.091,369.9798,367.4962,368.9926
1,0,0,1,0,0,0,1,1,1,1,1,1,0,9,410.14,369.3122,369.2666,368.5378
1,0,0,1,0,0,0,1,1,1,1,1,1,1,1,409.3486,368.032,368.5552,368.0726
1,0,0,1,0,0,0,1,1,1,1,1,1,1,5,408.1774,368.7048,367.265,367.0402
1,0,0,1,0,0,0,1,1,1,1,1,1,1,9,408.5588,370.5078,368.5306,368.8672
1,0,0,1,0,1,0,1,1,1,1,0,0,0,1,407.0278,368.22,368.274,368.1656
1,0,0,1,0,1,0,1,1,1,1,0,0,0,5,408.1264,366.1228,368.2284,368.0258
1,0,0,1,0,1,0,1,1,1,1,0,0,0,9,407.7126,367.3364,367.8066,369.0478
1,0,0,1,0,1,0,1,1,1,1,0,0,1,1,416.1644,367.2534,366.8402,369.744
1,0,0,1,0,1,0,1,1,1,1,0,0,1,5,418.272,368.1238,369.1306,369.0046
1,0,0,1,0,1,0,1,1,1,1,0,0,1,9,409.4752,370.6428,368.2674,367.6532
1,0,0,1,0,1,0,1,1,1,1,0,1,0,1,407.0398,369.9822,368.2062,369.1924
1,0,0,1,0,1,0,1,1,1,1,0,1,0,5,408.434,368.3382,366.7448,367.2478
1,0,0,1,0,1,0,1,1,1,1,0,1,0,9,409.9988,369.316,367.7458,368.5416
1,0,0,1,0,1,0,1,1,1,1,0,1,1,1,414.4762,368.9512,369.8516,367.7226
1,0,0,1,0,1,0,1,1,1,1,0,1,1,5,408.115,369.372,367.6724,368.419
1,0,0,1,0,1,0,1,1,1,1,0,1,1,9,409.7446,368.617,367.5026,367.27
1,0,0,1,0,1,0,1,1,1,1,1,0,0,1,407.4062,369.3118,368.05,369.0956
1,0,0,1,0,1,0,1,1,1,1,1,0,0,5,416.4398,370.244,367.7848,368.0486
1,0,0,1,0,1,0,1,1,1,1,1,0,0,9,417.0806,369.8886,369.815,369.7398
1,0,0,1,0,1,0,1,1,1,1,1,0,1,1,416.9624,370.0552,367.7606,368.095
1,0,0,1,0,1,0,1,1,1,1,1,0,1,5,417.5776,369.0476,368.0048,369.5056
1,0,0,1,0,1,0,1,1,1,1,1,0,1,9,417.065,370.0292,367.6714,365.1512
1,0,0,1,0,1,0,1,1,1,1,1,1,0,1,406.7978,368.7106,367.8906,367.6082
1,0,0,1,0,1,0,1,1,1,1,1,1,0,5,409.4534,369.2206,369.2084,365.6164
1,0,0,1,0,1,0,1,1,1,1,1,1,0,9,409.6936,370.1656,367.7466,367.1802
1,0,0,1,0,1,0,1,1,1,1,1,1,1,1,407.6746,370.18,367.4526,367.3712
1,0,0,1,0,1,0,1,1,1,1,1,1,1,5,407.2376,369.2392,369.1404,368.3864
1,0,0,1,0,1,0,1,1,1,1,1,1,1,9,410.954,369.8344,366.8344,369.6768
1,0,1,1,0,0,0,1,1,1,1,0,0,0,1,407.5084,367.2856,368.3162,367.7154
1,0,1,1,0,0,0,1,1,1,1,0,0,0,5,410.0176,369.967,367.5276,368.1594
1,0,1,1,0,0,0,1,1,1,1,0,0,0,9,407.8218,368.629,369.0288,368.2192
1,0,1,1,0,0,0,1,1,1,1,0,0,1,1,408.3834,369.418,368.9566,368.0312
1,0,1,1,0,0,0,1,1,1,1,0,0,1,5,416.0766,369.3912,368.0426,369.075
1,0,1,1,0,0,0,1,1,1,1,0,0,1,9,416.4664,368.2632,368.6504,366.8036
1,0,1,1,0,0,0,1,1,1,1,0,1,0,1,407.9852,369.8496,366.791,369.5996
1,0,1,1,0,0,0,1,1,1,1,0,1,0,5,406.2758,369.5134,367.1818,368.8472
1,0,1,1,0,0,0,1,1,1,1,0,1,0,9,409.4686,368.7096,367.0106,367.6792
1,0,1,1,0,0,0,1,1,1,1,0,1,1,1,408.9264,367.649,367.7288,367.2992
1,0,1,1,0,0,0,1,1,1,1,0,1,1,5,409.4316,369.5888,368.2638,367.317
1,0,1,1,0,0,0,1,1,1,1,0,1,1,9,410.5618,369.9016,369.493,368.1576
1,0,1,1,0,0,0,1,1,1,1,1,0,0,1,407.4588,369.7438,365.5462,368.061
1,0,1,1,0,0,0,1,1,1,1,1,0,0,5,418.496,368.3758,369.0316,369.0926
1,0,1,1,0,0,0,1,1,1,1,1,0,0,9,416.0506,368.8656,368.775,369.8276
1,0,1,1,0,0,0,1,1,1,1,1,0,1,1,417.0502,369.612,367.3296,370.8192
1,0,1,1,0,0,0,1,1,1,1,1,0,1,5,417.3128,369.126,368.9892,367.8556
1,0,1,1,0,0,0,1,1,1,1,1,0,1,9,410.0836,368.7246,368.3814,366.753
1,0,1,1,0,0,0,1,1,1,1,1,1,0,1,408.562,368.5618,366.59,367.2942
1,0,1,1,0,0,0,1,1,1,1,1,1,0,5,408.1734,369.8366,368.1264,367.8346
1,0,1,1,0,0,0,1,1,1,1,1,1,0,9,409.5532,370.7658,367.8364,368.628
1,0,1,1,0,0,0,1,1,1,1,1,1,1,1,407.8024,367.3306,365.4446,369.9554
1,0,1,1,0,0,0,1,1,1,1,1,1,1,5,407.4118,368.4278,368.1136,370.3326
1,0,1,1,0,0,0,1,1,1,1,1,1,1,9,417.2872,368.846,367.6686,368.3128
1,0,1,1,0,1,0,1,1,1,1,0,0,0,1,416.8422,370.0468,367.567,366.384
1,0,1,1,0,1,0,1,1,1,1,0,0,0,5,417.7706,369.6782,368.0846,367.8012
1,0,1,1,0,1,0,1,1,1,1,0,0,0,9,407.915,369.8414,366.6122,367.521
1,0,1,1,0,1,0,1,1,1,1,0,0,1,1,408.835,370.3004,369.1738,368.0088
1,0,1,1,0,1,0,1,1,1,1,0,0,1,5,409.5818,368.504,366.6226,369.5034
1,0,1,1,0,1,0,1,1,1,1,0,0,1,9,409.1376,369.4382,369.2078,369.1382
1,0,1,1,0,1,0,1,1,1,1,0,1,0,1,407.0916,370.8576,368.9266,367.251
1,0,1,1,0,1,0,1,1,1,1,0,1,0,5,407.8982,369.6474,368.8876,367.8446
1,0,1,1,0,1,0,1,1,1,1,0,1,0,9,409.1602,367.9936,367.0424,367.0176
1,0,1,1,0,1,0,1,1,1,1,0,1,1,1,414.8868,370.5084,368.4552,367.119
1,0,1,1,0,1,0,1,1,1,1,0,1,1,5,410.0336,369.2534,368.9418,367.9684
1,0,1,1,0,1,0,1,1,1,1,0,1,1,9,408.8954,370.0804,368.254,367.1412
1,0,1,1,0,1,0,1,1,1,1,1,0,0,1,415.0732,369.459,368.311,368.28
1,0,1,1,0,1,0,1,1,1,1,1,0,0,5,417.1468,370.8406,369.3994,368.1532
1,0,1,1,0,1,0,1,1,1,1,1,0,0,9,408.6274,370.7728,367.2498,368.4746
1,0,1,1,0,1,0,1,1,1,1,1,0,1,1,408.6932,369.6244,368.8442,368.0052
1,0,1,1,0,1,0,1,1,1,1,1,0,1,5,405.2118,371.1524,367.3554,368.3444
1,0,1,1,0,1,0,1,1,1,1,1,0,1,9,407.1192,369.6378,368.0708,368.6034
1,0,1,1,0,1,0,1,1,1,1,1,1,0,1,407.9412,369.5942,368.5222,368.5526
1,0,1,1,0,1,0,1,1,1,1,1,1,0,5,408.4422,371.1462,368.0558,367.2402
1,0,1,1,0,1,0,1,1,1,1,1,1,0,9,409.2814,369.0152,366.9458,369.4758
1,0,1,1,0,1,0,1,1,1,1,1,1,1,1,416.1982,369.7392,366.6798,368.5242
1,0,1,1,0,1,0,1,1,1,1,1,1,1,5,418.753,369.624,368.1922,368.5964
1,0,1,1,0,1,0,1,1,1,1,1,1,1,9,416.8202,368.8298,367.6988,367.964
1,1,0,1,0,0,0,1,1,1,1,0,0,0,1,424.6412,369.5528,368.8848,368.254
1,1,0,1,0,0,0,1,1,1,1,0,0,0,5,425.6958,370.0934,368.5652,368.0222
1,1,0,1,0,0,0,1,1,1,1,0,0,0,9,416.7146,368.8654,366.9786,369.3138
1,1,0,1,0,0,0,1,1,1,1,0,0,1,1,414.8698,369.874,368.3772,368.8282
1,1,0,1,0,0,0,1,1,1,1,0,0,1,5,414.1092,369.3994,367.7148,368.7822
1,1,0,1,0,0,0,1,1,1,1,0,0,1,9,415.2538,369.3768,367.6044,368.0382
1,1,0,1,0,0,0,1,1,1,1,0,1,0,1,414.6804,368.0168,367.7086,368.4206
1,1,0,1,0,0,0,1,1,1,1,0,1,0,5,417.512,367.7252,368.1846,367.8772
1,1,0,1,0,0,0,1,1,1,1,0,1,0,9,415.948,368.9926,369.0248,368.4204
1,1,0,1,0,0,0,1,1,1,1,0,1,1,1,416.7842,370.598,368.266,369.5674
1,1,0,1,0,0,0,1,1,1,1,0,1,1,5,424.4686,369.0338,368.308,368.0344
1,1,0,1,0,0,0,1,1,1,1,0,1,1,9,423.1542,369.6328,368.1378,369.4006
1,1,0,1,0,0,0,1,1,1,1,1,0,0,1,414.909,369.6662,368.146,367.8642
1,1,0,1,0,0,0,1,1,1,1,1,0,0,5,416.7688,371.3774,369.1056,368.2744
1,1,0,1,0,0,0,1,1,1,1,1,0,0,9,417.034,370.5982,367.8974,367.5294
1,1,0,1,0,0,0,1,1,1,1,1,0,1,1,413.0922,371.314,367.4376,368.0022
1,1,0,1,0,0,0,1,1,1,1,1,0,1,5,417.2808,368.1778,367.712,368.1338
1,1,0,1,0,0,0,1,1,1,1,1,0,1,9,415.2954,369.853,369.4232,368.5232
1,1,0,1,0,0,0,1,1,1,1,1,1,0,1,415.6552,369.222,368.6364,368.9646
1,1,0,1,0,0,0,1,1,1,1,1,1,0,5,413.294,369.5782,367.2914,368.4236
1,1,0,1,0,0,0,1,1,1,1,1,1,0,9,415.7186,369.6272,369.0598,368.7418
1,1,0,1,0,0,0,1,1,1,1,1,1,1,1,423.9312,370.1692,368.7598,366.9142
1,1,0,1,0,0,0,1,1,1,1,1,1,1,5,416.885,369.2208,368.5868,368.3082
1,1,0,1,0,0,0,1,1,1,1,1,1,1,9,414.3408,369.1926,367.9792,367.941
1,1,0,1,0,1,0,1,1,1,1,0,0,0,1,414.2022,369.2786,368.0146,369.4046
1,1,0,1,0,1,0,1,1,1,1,0,0,0,5,415.8228,370.8204,369.0622,369.6092
1,1,0,1,0,1,0,1,1,1,1,0,0,0,9,413.6528,369.8192,366.7746,367.5592
1,1,0,1,0,1,0,1,1,1,1,0,0,1,1,415.097,370.253,369.405,367.8592
1,1,0,1,0,1,0,1,1,1,1,0,0,1,5,415.5308,368.5278,368.5246,367.1984
1,1,0,1,0,1,0,1,1,1,1,0,0,1,9,417.2142,367.6372,367.6764,367.0898
1,1,0,1,0,1,0,1,1,1,1,0,1,0,1,424.665,370.065,368.0102,369.5962
1,1,0,1,0,1,0,1,1,1,1,0,1,0,5,424.5758,369.5324,368.3112,367.6268
1,1,0,1,0,1,0,1,1,1,1,0,1,0,9,425.1432,369.7114,369.243,368.7632
1,1,0,1,0,1,0,1,1,1,1,0,1,1,1,415.126,368.6136,366.8934,367.7614
1,1,0,1,0,1,0,1,1,1,1,0,1,1,5,415.2418,369.008,367.4302,367.2668
1,1,0,1,0,1,0,1,1,1,1,0,1,1,9,415.4914,370.3698,367.7114,367.5218
1,1,0,1,0,1,0,1,1,1,1,1,0,0,1,414.0162,369.9716,368.629,368.1418
1,1,0,1,0,1,0,1,1,1,1,1,0,0,5,416.7856,368.4612,369.6172,368.6532
1,1,0,1,0,1,0,1,1,1,1,1,0,0,9,416.254,368.1138,367.2124,369.188
1,1,0,1,0,1,0,1,1,1,1,1,0,1,1,414.865,369.1554,367.4102,368.1232
1,1,0,1,0,1,0,1,1,1,1,1,0,1,5,415.9458,368.547,368.6942,368.3296
1,1,0,1,0,1,0,1,1,1,1,1,0,1,9,414.5232,369.9842,369.3074,367.622
1,1,0,1,0,1,0,1,1,1,1,1,1,0,1,413.8436,367.9816,367.9248,368.872
1,1,0,1,0,1,0,1,1,1,1,1,1,0,5,416.6932,370.2254,367.6878,368.1286
1,1,0,1,0,1,0,1,1,1,1,1,1,0,9,416.0334,370.0228,369.6598,369.8818
1,1,0,1,0,1,0,1,1,1,1,1,1,1,1,415.716,367.9108,368.1944,368.7974
1,1,0,1,0,1,0,1,1,1,1,1,1,1,5,415.751,369.6266,367.992,367.9932
1,1,0,1,0,1,0,1,1,1,1,1,1,1,9,414.3426,368.6934,368.9986,367.8932
1,1,1,1,0,0,0,1,1,1,1,0,0,0,1,415.6296,369.0136,368.1604,368.3012
1,1,1,1,0,0,0,1,1,1,1,0,0,0,5,415.3292,369.9138,367.8356,368.2726
1,1,1,1,0,0,0,1,1,1,1,0,0,0,9,414.9564,365.3902,367.5348,368.4362
1,1,1,1,0,0,0,1,1,1,1,0,0,1,1,415.0348,369.7762,367.2838,367.5576
1,1,1,1,0,0,0,1,1,1,1,0,0,1,5,415.3604,371.7776,368.3262,367.1888
1,1,1,1,0,0,0,1,1,1,1,0,0,1,9,424.3646,368.808,368.4208,369.3972
1,1,1,1,0,0,0,1,1,1,1,0,1,0,1,426.556,369.5896,368.486,368.865
1,1,1,1,0,0,0,1,1,1,1,0,1,0,5,415.6704,370.7148,367.5254,368.4096
1,1,1,1,0,0,0,1,1,1,1,0,1,0,9,414.2896,368.577,369.1186,369.0446
1,1,1,1,0,0,0,1,1,1,1,0,1,1,1,415.1168,369.3868,367.069,366.9404
1,1,1,1,0,0,0,1,1,1,1,0,1,1,5,415.2944,369.267,369.4834,366.1834
1,1,1,1,0,0,0,1,1,1,1,0,1,1,9,417.308,368.8368,367.573,369.3016
1,1,1,1,0,0,0,1,1,1,1,1,0,0,1,414.858,368.8674,368.1932,367.9846
1,1,1,1,0,0,0,1,1,1,1,1,0,0,5,416.3268,369.5206,368.7114,369.8706
1,1,1,1,0,0,0,1,1,1,1,1,0,0,9,414.1846,370.855,370.2246,369.0122
1,1,1,1,0,0,0,1,1,1,1,1,0,1,1,415.7598,371.3122,368.955,367.3654
1,1,1,1,0,0,0,1,1,1,1,1,0,1,5,416.1676,371.1664,368.067,369.1248
1,1,1,1,0,0,0,1,1,1,1,1,0,1,9,416.6854,369.5536,369.0374,368.5368
1,1,1,1,0,0,0,1,1,1,1,1,1,0,1,424.0058,369.6204,367.0722,368.0674
1,1,1,1,0,0,0,1,1,1,1,1,1,0,5,425.8404,370.1136,368.173,369.2274
1,1,1,1,0,0,0,1,1,1,1,1,1,0,9,413.8676,370.741,368.812,368.1896
1,1,1,1,0,0,0,1,1,1,1,1,1,1,1,415.3336,369.9446,367.923,367.198
1,1,1,1,0,0,0,1,1,1,1,1,1,1,5,415.7126,369.1524,368.1928,370.1886
1,1,1,1,0,0,0,1,1,1,1,1,1,1,9,415.4122,369.0614,365.9508,368.3774
1,1,1,1,0,1,0,1,1,1,1,0,0,0,1,415.449,369.2046,368.0044,369.3848
1,1,1,1,0,1,0,1,1,1,1,0,0,0,5,414.1804,369.3196,368.3178,367.3644
1,1,1,1,0,1,0,1,1,1,1,0,0,0,9,413.7696,368.6624,367.8448,368.0482
1,1,1,1,0,1,0,1,1,1,1,0,0,1,1,414.6468,368.786,368.122,369.211
1,1,1,1,0,1,0,1,1,1,1,0,0,1,5,414.008,370.2224,369.8852,368.4268
1,1,1,1,0,1,0,1,1,1,1,0,0,1,9,415.6406,369.7836,367.0484,368.6932
1,1,1,1,0,1,0,1,1,1,1,0,1,0,1,422.8616,368.7396,367.7048,369.0368
1,1,1,1,0,1,0,1,1,1,1,0,1,0,5,424.5428,368.9368,368.8372,367.7962
1,1,1,1,0,1,0,1,1,1,1,0,1,0,9,414.9222,370.8928,368.6482,369.2348
1,1,1,1,0,1,0,1,1,1,1,0,1,1,1,411.8666,369.162,368.2012,368.9304
1,1,1,1,0,1,0,1,1,1,1,0,1,1,5,415.2344,368.9094,369.243,366.8506
1,1,1,1,0,1,0,1,1,1,1,0,1,1,9,415.2962,368.9134,368.2166,368.9688
1,1,1,1,0,1,0,1,1,1,1,1,0,0,1,414.6276,369.7788,370.3712,368.5424
1,1,1,1,0,1,0,1,1,1,1,1,0,0,5,414.9646,369.0188,368.2854,367.3588
1,1,1,1,0,1,0,1,1,1,1,1,0,0,9,415.787,369.5902,368.1966,368.2724
1,1,1,1,0,1,0,1,1,1,1,1,0,1,1,413.7812,369.6894,370.3142,368.6794
1,1,1,1,0,1,0,1,1,1,1,1,0,1,5,415.289,370.2632,369.0362,367.8426
1,1,1,1,0,1,0,1,1,1,1,1,0,1,9,413.0622,369.909,369.074,368.4554
1,1,1,1,0,1,0,1,1,1,1,1,1,0,1,415.745,368.7198,369.3658,369.121
1,1,1,1,0,1,0,1,1,1,1,1,1,0,5,424.9058,370.7512,368.4586,369.439
1,1,1,1,0,1,0,1,1,1,1,1,1,0,9,426.506,369.671,368.7296,368.1024
1,1,1,1,0,1,0,1,1,1,1,1,1,1,1,424.2896,368.8992,368.614,368.3094
1,1,1,1,0,1,0,1,1,1,1,1,1,1,5,415.0174,369.9836,368.615,369.3896
1,1,1,1,0,1,0,1,1,1,1,1,1,1,9,415.7188,369.8564,369.7358,368.6328
1,0,0,0,1,0,1,0,1,1,0,0,0,0,1,6.1758,5.8858,5.9684,6.0916
1,0,0,0,1,0,1,0,1,1,0,0,0,1,1,6.2368,6.0232,5.9876,6.0862
1,0,0,0,1,0,1,0,1,1,0,0,1,0,1,6.3132,5.9838,5.9726,6.055
1,0,0,0,1,0,1,0,1,1,0,0,1,1,1,6.2558,6.169,5.9296,5.95
1,0,0,0,1,1,1,0,1,1,0,0,0,0,1,6.0662,6.0414,6.0208,5.9708
1,0,0,0,1,1,1,0,1,1,0,0,0,1,1,6.0538,6.0758,6.0048,5.938
1,0,0,0,1,1,1,0,1,1,0,0,1,0,1,6.1682,5.9858,6.0278,6.0584
1,0,0,0,1,1,1,0,1,1,0,0,1,1,1,6.0652,5.9796,6.0108,5.958
1,0,1,0,1,0,1,0,1,1,0,0,0,0,1,6.2396,5.9694,5.9804,6.1828
1,0,1,0,1,0,1,0,1,1,0,0,0,1,1,6.1992,5.9914,6.0078,6.0664
1,0,1,0,1,0,1,0,1,1,0,0,1,0,1,6.1832,6.0016,6.0364,5.9766
1,0,1,0,1,0,1,0,1,1,0,0,1,1,1,6.2494,5.9566,6.011,6.0562
1,0,1,0,1,1,1,0,1,1,0,0,0,0,1,6.0614,5.963,6.019,6.089
1,0,1,0,1,1,1,0,1,1,0,0,0,1,1,6.0632,6.1046,6.0378,5.9984
1,0,1,0,1,1,1,0,1,1,0,0,1,0,1,6.0772,5.9386,6.0016,5.9716
1,0,1,0,1,1,1,0,1,1,0,0,1,1,1,6.0646,6.0316,5.9816,5.9304
1,1,0,0,1,0,1,0,1,1,0,0,0,0,1,6.2516,6.1134,6.046,5.9762
1,1,0,0,1,0,1,0,1,1,0,0,0,1,1,6.314,6.0782,6.1142,6.04
1,1,0,0,1,0,1,0,1,1,0,0,1,0,1,6.1978,6.0726,5.9352,5.9356
1,1,0,0,1,0,1,0,1,1,0,0,1,1,1,6.3478,6.1324,6.142,6.084
1,1,0,0,1,1,1,0,1,1,0,0,0,0,1,6.1624,5.9818,5.9666,6.0044
1,1,0,0,1,1,1,0,1,1,0,0,0,1,1,6.0758,5.9814,6.0776,6.1224
1,1,0,0,1,1,1,0,1,1,0,0,1,0,1,6.154,6.0164,6.0596,5.951
1,1,0,0,1,1,1,0,1,1,0,0,1,1,1,6.1518,6.114,5.9458,6.0404
1,1,1,0,1,0,1,0,1,1,0,0,0,0,1,6.5106,6.0858,6.0646,5.9776
1,1,1,0,1,0,1,0,1,1,0,0,0,1,1,6.236,6.1142,6.0834,6.0224
1,1,1,0,1,0,1,0,1,1,0,0,1,0,1,6.3936,5.968,5.99,6.093
1,1,1,0,1,0,1,0,1,1,0,0,1,1,1,6.2638,5.9794,5.9706,6.1264
1,1,1,0,1,1,1,0,1,1,0,0,0,0,1,6.0526,6.0736,5.9582,6.0094
1,1,1,0,1,1,1,0,1,1,0,0,0,1,1,6.1594,6.0094,6.0212,5.9746
1,1,1,0,1,1,1,0,1,1,0,0,1,0,1,6.1332,6.0094,6.029,6.0432
1,1,1,0,1,1,1,0,1,1,0,0,1,1,1,6.0704,6.069,6,6.0694
1,0,0,0,1,0,1,0,1,1,1,0,0,0,1,6.2084,6.045,5.9756,6.1176
1,0,0,0,1,0,1,0,1,1,1,0,0,1,1,6.0922,6.1114,6.0034,6.1234
1,0,0,0,1,0,1,0,1,1,1,0,1,0,1,6.1248,5.9804,6.0218,5.8872
1,0,0,0,1,0,1,0,1,1,1,0,1,1,1,6.1828,6.1,6.0778,5.9812
1,0,0,0,1,0,1,0,1,1,1,1,0,0,1,6.094,5.9804,6.0234,5.974
1,0,0,0,1,0,1,0,1,1,1,1,0,1,1,6.1928,6.0526,6.0454,5.9618
1,0,0,0,1,0,1,0,1,1,1,1,1,0,1,6.1904,6.1126,5.9984,6.0028
1,0,0,0,1,0,1,0,1,1,1,1,1,1,1,6.2136,6.0012,5.9696,6.0184
1,0,0,0,1,1,1,0,1,1,1,0,0,0,1,6.0656,6.1824,5.9844,6.0048
1,0,0,0,1,1,1,0,1,1,1,0,0,1,1,6.1332,5.9348,5.982,6.0136
1,0,0,0,1,1,1,0,1,1,1,0,1,0,1,6.1584,6.086,5.9436,6.029
1,0,0,0,1,1,1,0,1,1,1,0,1,1,1,6.0514,5.913,5.9874,5.9446
1,0,0,0,1,1,1,0,1,1,1,1,0,0,1,6.14,6.05,6.0266,5.9938
1,0,0,0,1,1,1,0,1,1,1,1,0,1,1,6.1134,5.9668,6.0092,5.9838
1,0,0,0,1,1,1,0,1,1,1,1,1,0,1,6.3932,6.052,5.9938,5.994
1,0,0,0,1,1,1,0,1,1,1,1,1,1,1,6.0738,5.954,6.1716,5.9302
1,0,1,0,1,0,1,0,1,1,1,0,0,0,1,6.0612,5.9856,5.966,6.0518
1,0,1,0,1,0,1,0,1,1,1,0,0,1,1,6.1282,5.9626,5.9572,5.9964
1,0,1,0,1,0,1,0,1,1,1,0,1,0,1,6.0664,6.0046,5.9872,6.0182
1,0,1,0,1,0,1,0,1,1,1,0,1,1,1,6.454,6.0462,5.9198,5.981
1,0,1,0,1,0,1,0,1,1,1,1,0,0,1,6.1064,5.9894,6.0206,5.9752
1,0,1,0,1,0,1,0,1,1,1,1,0,1,1,6.5364,5.948,6.0612,5.9408
1,0,1,0,1,0,1,0,1,1,1,1,1,0,1,6.1802,5.9706,6.0158,6.0638
1,0,1,0,1,0,1,0,1,1,1,1,1,1,1,6.16,5.9798,6.0236,5.9944
1,0,1,0,1,1,1,0,1,1,1,0,0,0,1,6.0844,5.9294,5.9756,6.0016
1,0,1,0,1,1,1,0,1,1,1,0,0,1,1,6.0688,6.0056,6.0424,5.9262
1,0,1,0,1,1,1,0,1,1,1,0,1,0,1,6.1556,6.1012,5.953,6.0604
1,0,1,0,1,1,1,0,1,1,1,0,1,1,1,6.0716,5.9498,5.9232,6.0246
1,0,1,0,1,1,1,0,1,1,1,1,0,0,1,6.1276,6.0702,6.0952,5.9502
1,0,1,0,1,1,1,0,1,1,1,1,0,1,1,6.0642,6.0446,6.0716,6.018
1,0,1,0,1,1,1,0,1,1,1,1,1,0,1,6.1076,5.944,6.0394,5.9854
1,0,1,0,1,1,1,0,1,1,1,1,1,1,1,6.0782,6.0216,6.0136,6.0192
1,1,0,0,1,0,1,0,1,1,1,0,0,0,1,6.1042,6.0152,5.9636,6.0202
1,1,0,0,1,0,1,0,1,1,1,0,0,1,1,6.075,6.0764,6.0006,6.0608
1,1,0,0,1,0,1,0,1,1,1,0,1,0,1,6.0768,6.0956,6.012,6.0346
1,1,0,0,1,0,1,0,1,1,1,0,1,1,1,6.1468,6.029,6.022,6.0048
1,1,0,0,1,0,1,0,1,1,1,1,0,0,1,6.524,5.9588,6.0766,6.0002
1,1,0,0,1,0,1,0,1,1,1,1,0,1,1,6.4182,6.1146,6.061,6.0162
1,1,0,0,1,0,1,0,1,1,1,1,1,0,1,6.0696,6.0762,6.066,5.995
1,1,0,0,1,0,1,0,1,1,1,1,1,1,1,6.1344,6.0244,5.986,6.1172
1,1,0,0,1,1,1,0,1,1,1,0,0,0,1,6.0626,5.972,6.1732,6.0088
1,1,0,0,1,1,1,0,1,1,1,0,0,1,1,6.058,5.9958,6.008,5.9686
1,1,0,0,1,1,1,0,1,1,1,0,1,0,1,6.1564,6.1182,5.9768,6.0134
1,1,0,0,1,1,1,0,1,1,1,0,1,1,1,6.0756,5.976,6.0078,6.0306
1,1,0,0,1,1,1,0,1,1,1,1,0,0,1,6.1618,6.1612,6.072,5.9524
1,1,0,0,1,1,1,0,1,1,1,1,0,1,1,6.0696,6.1644,6.0704,5.996
1,1,0,0,1,1,1,0,1,1,1,1,1,0,1,6.0688,6.0036,6.0936,6.056
1,1,0,0,1,1,1,0,1,1,1,1,1,1,1,6.0614,6.0752,6.0462,6.1372
1,1,1,0,1,0,1,0,1,1,1,0,0,0,1,6.109,5.933,6,6.0646
1,1,1,0,1,0,1,0,1,1,1,0,0,1,1,6.1016,6.0864,6.0722,5.9708
1,1,1,0,1,0,1,0,1,1,1,0,1,0,1,6.0778,5.9882,6.0424,6.0484
1,1,1,0,1,0,1,0,1,1,1,0,1,1,1,6.1778,6.0876,5.952,6.0052
1,1,1,0,1,0,1,0,1,1,1,1,0,0,1,6.1596,6.11,6.0296,6.1182
1,1,1,0,1,0,1,0,1,1,1,1,0,1,1,6.2076,5.9768,6.0894,5.9468
1,1,1,0,1,0,1,0,1,1,1,1,1,0,1,6.0998,6.0068,6.1224,6.099
1,1,1,0,1,0,1,0,1,1,1,1,1,1,1,6.0824,5.9708,6.033,6.155
1,1,1,0,1,1,1,0,1,1,1,0,0,0,1,6.0696,6.0766,5.9534,6.0408
1,1,1,0,1,1,1,0,1,1,1,0,0,1,1,6.145,5.985,6.0278,6.2152
1,1,1,0,1,1,1,0,1,1,1,0,1,0,1,6.1532,6.0932,6.024,5.9804
1,1,1,0,1,1,1,0,1,1,1,0,1,1,1,6.1076,6.0534,6.0328,5.9732
1,1,1,0,1,1,1,0,1,1,1,1,0,0,1,6.1584,6.0546,5.9198,6.0196
1,1,1,0,1,1,1,0,1,1,1,1,0,1,1,6.059,6.0498,6.0092,6.0562
1,1,1,0,1,1,1,0,1,1,1,1,1,0,1,6.2984,6.006,6.0094,6.0326
1,1,1,0,1,1,1,0,1,1,1,1,1,1,1,6.0812,5.975,5.921,6.0098
1,0,0,0,1,0,1,1,1,1,0,0,0,0,1,21.6142,13.366,10.6496,11.08
1,0,0,0,1,0,1,1,1,1,0,0,0,1,1,21.8478,13.5168,11.1014,11.8836
1,0,0,0,1,0,1,1,1,1,0,0,1,0,1,21.2938,13.5106,11.016,11.5036
1,0,0,0,1,0,1,1,1,1,0,0,1,1,1,21.4658,13.4864,10.938,11.875
1,0,0,0,1,1,1,1,1,1,0,0,0,0,1,20.8454,13.3736,10.4878,10.9992
1,0,0,0,1,1,1,1,1,1,0,0,0,1,1,21.4778,13.4678,10.8918,10.2606
1,0,0,0,1,1,1,1,1,1,0,0,1,0,1,21.351,13.6034,10.8368,11.2008
1,0,0,0,1,1,1,1,1,1,0,0,1,1,1,20.7178,13.505,10.8048,10.74
1,0,1,0,1,0,1,1,1,1,0,0,0,0,1,22.2072,13.4314,11.2928,12.1904
1,0,1,0,1,0,1,1,1,1,0,0,0,1,1,22.153,13.514,11.818,11.9976
1,0,1,0,1,0,1,1,1,1,0,0,1,0,1,21.9642,13.3422,11.4866,10.7446
1,0,1,0,1,0,1,1,1,1,0,0,1,1,1,21.7062,13.5592,12.0212,11.3974
1,0,1,0,1,1,1,1,1,1,0,0,0,0,1,21.0634,13.3864,10.556,11.2228
1,0,1,0,1,1,1,1,1,1,0,0,0,1,1,21.4734,13.507,11.3524,11.0162
1,0,1,0,1,1,1,1,1,1,0,0,1,0,1,21.2586,13.4628,11.0184,10.8458
1,0,1,0,1,1,1,1,1,1,0,0,1,1,1,21.2024,13.7546,11.047,10.5408
1,1,0,0,1,0,1,1,1,1,0,0,0,0,1,21.126,13.8014,11.3,11.4196
1,1,0,0,1,0,1,1,1,1,0,0,0,1,1,22.2872,13.4322,11.239,11.7712
1,1,0,0,1,0,1,1,1,1,0,0,1,0,1,22.0216,13.5432,11.2956,11.5438
1,1,0,0,1,0,1,1,1,1,0,0,1,1,1,22.1296,13.5156,11.2738,11.4174
1,1,0,0,1,1,1,1,1,1,0,0,0,0,1,21.4558,13.667,11.3666,11.2792
1,1,0,0,1,1,1,1,1,1,0,0,0,1,1,21.5994,14.311,11.0698,11.8748
1,1,0,0,1,1,1,1,1,1,0,0,1,0,1,21.0128,13.4498,11.6282,11.2728
1,1,0,0,1,1,1,1,1,1,0,0,1,1,1,21.5548,13.4386,11.1268,12.1076
1,1,1,0,1,0,1,1,1,1,0,0,0,0,1,21.4502,13.7032,11.9354,10.4254
1,1,1,0,1,0,1,1,1,1,0,0,0,1,1,21.4728,13.9532,11.837,13.1726
1,1,1,0,1,0,1,1,1,1,0,0,1,0,1,21.7004,13.6526,12.4302,11.0596
1,1,1,0,1,0,1,1,1,1,0,0,1,1,1,22.2756,13.5832,11.4086,10.977
1,1,1,0,1,1,1,1,1,1,0,0,0,0,1,21.6512,13.4328,10.3388,11.2754
1,1,1,0,1,1,1,1,1,1,0,0,0,1,1,21.6366,13.436,11.091,10.918
1,1,1,0,1,1,1,1,1,1,0,0,1,0,1,20.9244,13.4156,11.0262,11.1924
1,1,1,0,1,1,1,1,1,1,0,0,1,1,1,21.099,13.4966,12.322,11.6626
1,0,0,0,1,0,1,1,1,1,1,0,0,0,1,20.9374,14.0528,11.3536,10.7052
1,0,0,0,1,0,1,1,1,1,1,0,0,1,1,21.3114,13.4968,10.9252,11.7162
1,0,0,0,1,0,1,1,1,1,1,0,1,0,1,21.1972,14.1516,10.3026,10.556
1,0,0,0,1,0,1,1,1,1,1,0,1,1,1,21.064,13.5038,10.872,10.6004
1,0,0,0,1,0,1,1,1,1,1,1,0,0,1,21.5318,13.456,11.3988,10.5114
1,0,0,0,1,0,1,1,1,1,1,1,0,1,1,21.4172,13.6544,10.6648,11.2616
1,0,0,0,1,0,1,1,1,1,1,1,1,0,1,21.6782,13.4528,10.8736,11.2854
1,0,0,0,1,0,1,1,1,1,1,1,1,1,1,21.8052,13.437,11.2144,10.9356
1,0,0,0,1,1,1,1,1,1,1,0,0,0,1,21.7644,13.1134,11.2758,11.175
1,0,0,0,1,1,1,1,1,1,1,0,0,1,1,21.2822,13.2726,11.5526,10.8182
1,0,0,0,1,1,1,1,1,1,1,0,1,0,1,20.6606,13.2662,10.619,11.1472
1,0,0,0,1,1,1,1,1,1,1,0,1,1,1,20.7934,13.3132,10.4522,10.5588
1,0,0,0,1,1,1,1,1,1,1,1,0,0,1,21.2308,13.4992,11.1326,10.4616
1,0,0,0,1,1,1,1,1,1,1,1,0,1,1,20.8684,13.5302,11.0518,11.0946
1,0,0,0,1,1,1,1,1,1,1,1,1,0,1,21.5138,13.3076,10.5962,10.4828
1,0,0,0,1,1,1,1,1,1,1,1,1,1,1,21.2134,13.3688,11.1196,11.182
1,0,1,0,1,0,1,1,1,1,1,0,0,0,1,21.6844,13.4084,11.357,11.0566
1,0,1,0,1,0,1,1,1,1,1,0,0,1,1,21.835,13.5334,10.6368,11.737
1,0,1,0,1,0,1,1,1,1,1,0,1,0,1,21.855,13.506,10.879,11.5152
1,0,1,0,1,0,1,1,1,1,1,0,1,1,1,21.7406,13.3658,11.4892,10.8834
1,0,1,0,1,0,1,1,1,1,1,1,0,0,1,21.6166,13.5064,10.7892,11.1836
1,0,1,0,1,0,1,1,1,1,1,1,0,1,1,21.9032,13.4996,11.1696,10.2618
1,0,1,0,1,0,1,1,1,1,1,1,1,0,1,21.4526,13.2468,10.415,11.583
1,0,1,0,1,0,1,1,1,1,1,1,1,1,1,21.1642,13.3188,12.145,10.9174
1,0,1,0,1,1,1,1,1,1,1,0,0,0,1,21.1258,13.3346,10.3966,11.0786
1,0,1,0,1,1,1,1,1,1,1,0,0,1,1,21.236,13.4504,10.961,11.3418
1,0,1,0,1,1,1,1,1,1,1,0,1,0,1,20.7744,13.519,11.4498,12.0088
1,0,1,0,1,1,1,1,1,1,1,0,1,1,1,21.0852,13.5966,10.658,11.5642
1,0,1,0,1,1,1,1,1,1,1,1,0,0,1,21.0916,13.3428,11.0766,10.3324
1,0,1,0,1,1,1,1,1,1,1,1,0,1,1,21.4108,13.123,11.7988,11.1992
1,0,1,0,1,1,1,1,1,1,1,1,1,0,1,21.4648,13.2076,11.5406,11.3746
1,0,1,0,1,1,1,1,1,1,1,1,1,1,1,21.5986,13.3596,10.5822,10.8108
1,1,0,0,1,0,1,1,1,1,1,0,0,0,1,21.164,13.6284,12.0992,12.1952
1,1,0,0,1,0,1,1,1,1,1,0,0,1,1,20.9748,13.6492,11.8928,11.1488
1,1,0,0,1,0,1,1,1,1,1,0,1,0,1,21.1528,13.631,11.0482,11.1102
1,1,0,0,1,0,1,1,1,1,1,0,1,1,1,20.8414,13.5366,11.583,10.9994
1,1,0,0,1,0,1,1,1,1,1,1,0,0,1,20.9572,14.2272,11.0218,10.618
1,1,0,0,1,0,1,1,1,1,1,1,0,1,1,21.263,13.698,10.8224,11.1148
1,1,0,0,1,0,1,1,1,1,1,1,1,0,1,21.4398,13.5832,12.2916,11.1758
1,1,0,0,1,0,1,1,1,1,1,1,1,1,1,21.3352,13.6928,11.35,12.088
1,1,0,0,1,1,1,1,1,1,1,0,0,0,1,21.7362,13.414,11.6324,11.1662
1,1,0,0,1,1,1,1,1,1,1,0,0,1,1,21.3152,13.6806,11.112,11.9638
1,1,0,0,1,1,1,1,1,1,1,0,1,0,1,21.5012,13.3008,11.7028,11.8236
1,1,0,0,1,1,1,1,1,1,1,0,1,1,1,21.175,13.2738,11.3956,11.6226
1,1,0,0,1,1,1,1,1,1,1,1,0,0,1,20.8454,13.2864,10.4154,12.09
1,1,0,0,1,1,1,1,1,1,1,1,0,1,1,21.227,13.4746,11.3396,11.3826
1,1,0,0,1,1,1,1,1,1,1,1,1,0,1,21.1022,13.3532,10.832,10.5934
1,1,0,0,1,1,1,1,1,1,1,1,1,1,1,20.8334,13.4766,11.2768,11.105
1,1,1,0,1,0,1,1,1,1,1,0,0,0,1,21.1934,13.8228,11.7878,11.3136
1,1,1,0,1,0,1,1,1,1,1,0,0,1,1,21.2714,13.6384,11.7604,10.8776
1,1,1,0,1,0,1,1,1,1,1,0,1,0,1,21.8074,14.0966,11.734,11.324
1,1,1,0,1,0,1,1,1,1,1,0,1,1,1,22.0266,13.5906,11.6504,11.7368
1,1,1,0,1,0,1,1,1,1,1,1,0,0,1,21.3538,13.5142,11.1136,11.6284
1,1,1,0,1,0,1,1,1,1,1,1,0,1,1,21.1348,13.7412,10.7632,11.0274
1,1,1,0,1,0,1,1,1,1,1,1,1,0,1,20.5616,13.5258,11.6212,12.543
1,1,1,0,1,0,1,1,1,1,1,1,1,1,1,21.8342,13.8334,10.787,11.4104
1,1,1,0,1,1,1,1,1,1,1,0,0,0,1,20.9396,13.4548,11.1068,12.5258
1,1,1,0,1,1,1,1,1,1,1,0,0,1,1,21.4748,13.4362,11.4226,11.3924
1,1,1,0,1,1,1,1,1,1,1,0,1,0,1,21.1674,13.6382,11.755,11.5298
1,1,1,0,1,1,1,1,1,1,1,0,1,1,1,20.8804,13.3584,11.2674,11.7034
1,1,1,0,1,1,1,1,1,1,1,1,0,0,1,21.2792,13.4614,10.5068,11.501
1,1,1,0,1,1,1,1,1,1,1,1,0,1,1,21.0568,13.4236,10.904,10.8548
1,1,1,0,1,1,1,1,1,1,1,1,1,0,1,21.0444,13.4426,10.7866,11.9588
1,1,1,0,1,1,1,1,1,1,1,1,1,1,1,21.5564,13.6156,11.2692,11.426
