SQLITE_SECURE_DELETE,SQLITE_ENABLE_ATOMIC_WRITE,SQLITE_ENABLE_STAT2,SQLITE_DISABLE_LFS,SQLITE_DISABLE_DIRSYNC,SQLITE_OMIT_AUTOMATIC_INDEX,SQLITE_OMIT_BETWEEN_OPTIMIZATION,SQLITE_OMIT_BTREECOUNT,SQLITE_OMIT_LIKE_OPTIMIZATION,SQLITE_OMIT_LOOKASIDE,SQLITE_OMIT_OR_OPTIMIZATION,SQLITE_OMIT_QUICKBALANCE,SQLITE_OMIT_SHARED_CACHE,SQLITE_OMIT_XFER_OPT,overwritebatch,overwritebatch,overwritebatch,overwritebatch
0,0,0,1,0,1,1,0,0,1,1,1,1,0,19.837,19.904,17.816,20.117
0,0,0,0,1,0,1,0,0,1,0,0,0,1,18.933,18.965,17.87,19.358
0,1,0,1,0,1,0,1,0,0,1,0,1,1,18.991,18.949,17.38,19.345
1,1,0,0,0,1,0,0,1,1,0,1,0,1,19.641,19.996,17.925,20.308
1,0,0,1,1,1,0,1,1,1,0,0,1,1,19.178,18.837,17.826,19.138
1,1,1,1,0,0,1,0,1,1,1,0,1,0,19.135,19.173,17.517,19.432
0,1,1,1,1,1,1,0,0,1,0,1,1,0,19.654,19.806,17.818,20.19
1,0,1,0,1,0,0,1,1,1,0,0,0,1,19.195,18.952,17.663,19.587
1,0,1,1,1,0,1,0,1,1,1,1,1,0,19.866,19.738,17.916,20.278
1,0,0,1,1,1,0,1,1,0,1,1,0,0,19.831,20.503,17.345,20.249
0,1,0,1,0,1,1,0,0,1,0,1,0,0,20.053,19.798,17.85,20.027
0,0,0,1,0,1,0,1,0,1,1,1,0,0,19.674,19.68,17.952,19.993
0,1,0,0,1,1,0,0,1,0,1,0,1,0,19.023,19.09,17.116,18.978
0,1,1,1,1,0,0,1,0,1,0,0,1,0,19.243,19.261,17.511,19.104
1,1,0,1,1,0,0,1,1,0,1,0,0,0,19.706,18.864,17.087,19.341
0,0,1,0,1,1,0,1,1,1,0,0,0,0,18.893,19.072,17.831,19.336
1,0,0,0,1,0,0,1,1,0,0,1,0,1,19.642,19.703,17.433,19.918
1,1,0,0,0,0,0,1,0,0,1,1,1,1,19.525,19.937,17.65,20.292
1,1,0,1,0,0,1,0,0,1,0,1,0,0,19.717,19.714,18.002,20.093
0,0,0,0,0,1,0,1,1,0,0,1,0,1,19.607,20.143,17.747,20.127
0,1,1,1,1,0,0,0,0,1,0,0,1,1,18.818,19.108,17.645,19.442
1,0,0,0,1,1,0,0,1,1,1,0,0,0,19.055,19.198,17.586,19.187
0,1,1,1,0,0,0,0,0,0,1,0,1,1,19.048,18.923,17.004,19.027
1,1,1,1,1,0,0,1,0,1,1,0,1,0,18.993,19.078,17.838,19.194
1,1,0,1,0,0,0,0,1,1,0,0,1,1,18.967,19.143,17.585,19.23
0,0,1,0,0,0,1,0,1,1,0,1,0,0,19.8,19.746,17.914,20.164
0,1,1,0,1,1,0,1,1,0,0,1,1,0,19.631,19.745,17.587,20.356
1,0,0,1,1,0,1,1,0,0,0,1,1,0,19.546,19.954,17.806,20.009
1,1,1,0,0,0,1,0,1,0,0,0,0,1,18.88,19.014,17.081,19.881
0,0,0,0,1,0,0,0,1,0,1,0,1,0,18.903,18.855,17.011,19.269
0,0,0,0,1,0,0,0,0,1,1,1,1,0,19.652,19.941,17.862,20.132
1,0,1,1,1,1,0,1,0,0,0,1,0,0,20.028,20.134,17.32,20.768
0,1,0,1,0,0,0,0,1,0,0,0,0,1,19.447,19.367,17.034,19.344
0,1,0,1,0,0,0,0,0,0,1,1,0,1,19.605,19.409,17.372,19.943
1,1,0,1,1,1,0,1,0,0,0,0,0,0,19.137,18.874,17.208,19.384
0,1,1,0,0,0,1,0,0,1,1,1,0,0,19.922,20.045,18.017,19.98
0,1,1,0,0,0,0,1,0,1,1,0,0,1,19.104,18.982,17.835,19.212
1,1,1,0,1,1,0,0,1,0,1,1,1,1,19.677,19.502,17.41,20.064
0,0,0,0,1,0,1,0,1,0,1,0,1,0,18.861,18.839,16.956,19.415
0,0,0,1,1,1,0,0,0,0,0,1,1,1,19.418,19.952,17.287,19.886
1,0,0,0,1,0,1,1,0,0,1,0,1,0,18.804,19.144,17.145,19.199
1,0,0,1,0,1,0,1,1,0,0,0,1,0,19.031,18.852,17.001,19.74
0,1,1,0,0,0,1,1,1,1,1,1,0,0,19.587,19.998,17.889,20.013
1,0,1,1,0,0,0,0,1,1,1,0,1,0,19.126,19.29,17.641,19.241
0,0,0,1,1,0,0,1,0,1,1,0,1,1,19.543,19.03,17.836,19.462
1,1,1,1,1,0,0,1,1,1,0,0,1,0,19.254,18.936,17.691,19.697
1,0,1,0,0,1,1,1,1,0,1,1,0,1,19.957,19.844,17.397,19.675
0,1,0,1,1,1,0,0,1,1,0,0,1,0,19.051,19.118,17.688,19.037
0,1,1,1,1,1,1,0,1,1,1,0,1,0,18.981,18.992,17.926,19.405
0,1,0,1,0,0,1,1,1,1,1,0,0,0,19.011,19.116,17.978,19.132
1,0,1,1,1,0,1,0,1,1,0,1,1,0,19.565,20.214,17.825,19.888
1,0,0,1,1,1,1,0,0,0,1,1,1,0,19.749,19.682,17.836,20.201
1,0,0,1,0,0,1,1,0,0,0,0,0,1,18.932,19.124,17.046,19.308
1,1,1,0,0,1,0,0,1,0,1,0,1,1,18.925,19.006,17.123,19.172
0,0,1,1,0,1,0,1,1,1,0,0,0,0,19.337,18.901,17.587,19.452
1,0,0,0,1,1,0,1,0,1,1,1,1,0,19.929,19.781,17.987,19.996
1,1,1,0,0,0,0,1,0,0,0,0,0,1,19.237,19.104,17.213,19.303
0,0,1,0,1,1,1,0,0,0,1,0,0,0,18.678,18.663,17.141,19.319
1,1,1,0,0,0,0,0,0,1,1,0,0,0,19.015,19.546,17.58,19.649
0,0,0,0,0,1,1,1,1,0,0,1,1,0,20.309,19.757,17.343,20.254
0,0,1,1,1,0,1,1,0,0,1,0,0,0,18.978,18.937,17.141,19.08
0,1,0,0,0,1,1,1,1,1,0,1,1,0,19.95,19.768,18.271,20.146
0,0,0,1,0,0,0,0,0,1,1,0,0,1,18.966,19.766,17.723,19.231
1,0,0,0,1,1,0,1,0,1,1,1,0,0,19.801,19.612,17.922,20.199
0,0,1,1,0,0,1,1,0,1,1,1,1,0,19.85,19.733,17.777,20.079
0,1,1,1,1,0,1,0,0,0,1,0,1,0,18.884,19.192,17.318,19.048
0,0,0,1,0,0,0,0,0,1,0,1,1,0,19.877,19.832,17.883,20.282
0,1,0,1,0,0,1,0,0,1,1,0,1,1,19.232,19.032,17.513,19.362
0,0,1,1,1,0,1,0,1,1,1,0,1,0,18.909,19.232,17.51,19.269
0,0,0,1,1,0,1,0,1,1,0,0,1,0,18.939,19.383,17.773,19.602
0,0,1,0,0,0,0,0,1,0,1,0,1,1,18.896,18.814,17.104,19.435
0,0,1,0,1,0,1,0,0,0,0,0,0,1,19.119,19.344,17.069,19.205
0,1,1,1,1,1,1,0,1,1,0,1,1,1,19.85,20.054,17.799,20.545
1,1,0,1,0,0,0,1,0,1,0,1,0,0,20.317,19.658,17.813,19.978
1,0,1,1,0,0,0,1,1,1,1,0,0,0,19.46,19.232,17.649,19.294
1,1,0,0,1,1,1,0,0,0,0,1,1,0,19.667,19.966,17.335,20.063
1,0,0,1,1,1,1,0,1,1,1,1,0,1,19.558,20.153,17.885,20.046
0,0,0,0,0,1,0,1,0,0,0,0,0,1,18.786,19.017,17.065,19.228
1,1,1,1,1,1,1,1,1,1,1,0,0,1,18.989,19.157,17.906,20.039
0,0,1,1,0,0,1,1,0,0,1,1,0,0,19.654,19.813,17.403,19.865
1,1,1,0,1,0,1,1,1,1,0,1,0,0,19.671,19.813,18.102,20.323
0,0,0,1,1,0,0,0,0,1,1,0,1,0,18.91,19.058,17.597,19.406
1,1,0,0,1,0,0,0,1,0,0,1,1,0,19.833,19.74,17.645,19.931
0,1,0,1,1,0,0,0,0,0,0,1,1,0,19.918,19.822,17.536,20.024
1,0,0,1,0,1,0,0,1,1,1,1,1,0,20.206,19.745,17.978,20.077
1,1,1,1,1,1,0,0,1,1,1,0,0,0,19.508,19.103,17.618,19.375
1,0,1,0,1,1,0,0,1,1,1,1,0,1,20.047,20.339,18.068,20.279
0,0,1,1,0,1,0,1,0,0,1,1,0,1,19.379,19.799,17.365,20.178
0,1,0,1,0,0,1,1,1,1,1,0,1,1,19.014,18.905,17.481,19.175
1,0,0,1,1,1,1,0,1,0,0,1,1,0,20.12,19.855,17.407,20.06
1,0,0,1,1,0,1,0,1,1,0,1,1,0,19.944,20.227,17.844,20.184
0,0,1,1,0,0,0,0,1,1,0,0,1,0,19.329,19.348,17.728,19.372
0,0,0,0,1,1,1,1,1,0,1,0,1,0,19.185,18.91,17.07,19.034
1,0,0,1,1,1,1,1,1,0,1,0,0,1,19.016,19.447,17.142,19.24
1,1,0,0,0,1,0,0,1,0,0,1,0,0,19.69,20.151,17.508,19.991
1,0,1,1,0,0,0,0,0,0,1,1,0,0,19.695,19.791,17.727,20.169
1,0,1,0,1,0,0,0,1,0,0,1,0,0,19.455,19.436,17.484,20.106
0,1,1,1,1,1,0,1,1,0,0,0,0,0,18.738,19.031,17.046,19.201
0,1,0,0,0,1,0,0,1,0,1,1,0,0,19.805,19.851,17.539,20.242
1,0,0,0,1,1,0,0,0,1,1,0,0,1,19.133,18.794,17.655,19.242
1,1,0,1,1,0,0,1,1,0,0,1,0,0,19.947,20.152,17.413,20.182
1,0,1,1,0,1,0,1,1,1,1,0,1,1,19.103,19.283,17.723,19.326
0,1,1,0,1,1,1,0,0,1,1,0,0,1,19.322,18.9,17.681,19.274
1,1,0,1,0,0,1,1,0,0,1,1,1,0,19.738,19.664,17.458,19.834
0,1,0,1,1,0,1,1,0,1,1,0,1,0,19.137,19.24,17.904,19.442
1,0,0,1,1,0,1,1,0,1,0,1,0,1,19.522,20.016,17.925,20.476
1,1,1,0,1,0,0,0,1,0,0,0,0,1,19.146,18.828,17.236,20.035
0,0,1,1,0,0,1,0,0,1,0,1,0,1,19.651,19.622,17.696,20.611
0,1,1,0,0,0,1,1,0,0,1,0,0,1,18.787,19.19,17.269,19.409
0,1,1,1,1,1,0,0,0,1,1,1,0,1,19.616,19.525,17.827,20.233
1,0,1,0,0,0,1,0,1,0,0,1,0,0,19.525,19.594,17.383,19.911
0,0,1,0,0,1,1,0,1,0,0,0,1,1,18.91,19.033,17.14,19.391
1,1,1,0,0,0,0,1,0,0,1,1,1,1,19.439,19.696,17.786,19.811
0,0,0,1,0,1,1,1,1,1,0,0,0,0,19.045,19.008,17.727,19.388
0,1,1,0,0,0,0,0,1,0,1,1,1,1,19.503,19.571,17.515,19.969
0,1,0,0,0,0,0,1,0,1,1,1,1,0,19.69,20.168,17.84,19.98
0,1,1,1,1,0,1,1,1,1,1,0,0,0,19.157,19.54,17.566,19.204
0,0,0,1,1,0,0,0,0,1,1,1,0,1,20.208,19.683,17.842,20.028
1,0,1,0,0,1,0,0,0,0,0,0,1,1,19.276,19.047,17.177,19.201
1,0,1,0,1,1,0,0,1,1,0,1,0,0,20.19,19.894,18.078,20.229
0,1,1,1,0,1,0,0,0,0,0,1,0,0,19.735,19.724,17.348,19.755
1,0,1,1,0,1,0,1,0,0,0,0,1,1,19.035,19.016,17.502,19.522
0,1,1,1,1,0,0,1,1,1,1,0,0,0,18.905,18.981,17.578,19.731
0,1,0,1,1,0,1,0,0,1,1,0,1,0,18.941,19.437,17.625,19.423
0,0,1,1,1,0,0,1,1,1,1,0,1,0,19.309,19.052,17.583,19.337
1,0,1,1,1,1,1,1,0,1,1,0,1,0,19.091,19.127,17.686,19.303
0,0,1,1,1,0,1,0,0,1,1,1,0,1,19.905,19.77,17.894,19.866
1,1,0,0,0,0,1,1,1,1,1,0,1,0,19.222,19.164,17.563,19.389
0,1,1,1,0,1,0,0,0,0,1,1,1,0,19.704,19.581,17.76,19.958
1,1,1,1,0,1,1,1,1,1,1,0,1,1,19.25,19.073,17.62,19.175
1,1,1,0,0,0,1,0,0,1,1,0,1,1,18.858,19.066,17.634,19.429
1,0,0,0,0,1,1,1,1,1,0,1,1,0,19.878,20.048,18.367,20.392
1,1,0,1,1,0,1,1,0,1,0,1,1,1,19.714,19.944,17.827,20.281
1,0,1,1,1,1,0,0,1,0,1,0,0,1,19.096,19.297,17.458,19.481
0,0,1,1,0,0,1,0,0,0,1,0,1,0,18.8,18.614,17.149,19.043
1,1,0,1,0,1,0,1,0,1,0,0,0,0,19.2,19.144,17.619,19.378
1,1,1,0,0,1,1,0,1,0,0,1,0,0,20.867,19.909,17.539,20.039
1,1,0,1,0,1,1,0,1,1,0,1,0,1,19.925,19.796,17.922,20.13
1,0,1,0,1,0,1,1,0,1,0,1,1,0,19.95,19.907,17.902,20.258
1,0,1,1,0,1,0,0,1,0,1,1,0,1,19.917,19.748,17.882,20.157
1,0,0,0,1,0,0,1,0,1,1,0,1,1,19.185,19.229,17.653,19.593
1,0,0,1,0,0,0,1,1,1,1,0,0,0,19.468,18.993,18.002,19.839
1,0,1,0,0,1,1,1,1,1,1,0,0,1,19.073,19.175,17.731,19.426
1,0,0,0,0,1,0,1,0,0,0,0,1,0,19.167,19.094,16.986,19.395
0,1,1,1,1,1,0,0,1,1,0,0,1,1,19.018,19.008,17.674,19.282
1,1,1,1,1,1,0,1,0,0,0,1,1,0,19.586,19.925,17.401,19.6
1,1,1,1,0,0,1,0,1,1,0,0,1,0,19.35,19.228,17.866,19.22
0,1,0,1,0,0,1,0,1,0,0,1,0,0,19.871,19.802,17.798,19.897
0,1,0,1,1,0,1,0,1,1,1,0,0,1,19.069,18.971,17.485,19.299
0,0,1,1,0,1,0,1,1,0,0,0,0,0,19.055,19.137,17.294,19.574
0,0,1,1,0,1,0,1,0,1,0,0,1,0,19.016,19.067,17.525,19.427
0,0,0,1,1,0,0,0,0,1,1,0,1,0,18.979,19.259,17.832,19.708
0,1,1,0,1,0,0,1,0,0,0,1,1,0,19.694,19.89,17.613,20.101
0,1,1,1,0,1,0,1,0,0,1,1,1,1,19.774,19.874,17.758,19.927
1,1,0,0,1,1,1,0,0,1,1,1,1,1,19.605,19.578,17.879,20.128
1,1,1,0,0,0,0,1,1,0,0,1,1,1,19.876,19.714,17.34,20.031
1,1,1,1,1,1,0,1,1,0,0,0,1,0,19.005,19.456,17.088,19.439
1,1,0,0,0,1,0,1,1,0,1,1,1,0,19.578,19.737,17.5,20.053
0,1,0,0,0,1,0,1,1,0,0,1,0,0,20.385,19.741,17.442,19.912
1,0,1,1,1,1,0,1,1,0,0,1,1,1,19.519,20.102,17.397,20.038
1,0,0,1,1,1,0,0,1,0,1,0,1,1,19.053,19.076,17.415,19.093
0,1,0,1,1,1,0,1,1,0,0,1,1,0,19.794,19.639,17.351,20.052
1,1,1,1,1,1,1,1,1,0,0,0,1,0,19.211,18.892,17.105,19.037
0,0,1,1,1,1,0,1,1,1,1,1,1,1,19.53,19.884,17.828,19.976
0,1,1,0,0,0,0,0,0,1,0,1,1,1,19.6,19.882,17.912,19.856
1,0,1,0,0,0,1,1,1,0,0,0,0,1,18.924,18.96,17.103,19.728
1,1,0,1,0,0,0,0,0,0,0,0,1,0,18.763,19.153,17.018,19.043
0,1,1,0,1,1,1,1,1,1,0,0,1,1,19.021,18.899,17.61,19.717
1,1,1,1,1,0,1,0,1,0,0,0,1,1,18.967,19.22,17.242,19.393
1,1,1,0,0,1,0,0,0,1,1,1,0,0,19.835,19.772,17.982,20.028
0,1,1,1,1,0,1,0,0,1,1,1,1,0,19.937,20.037,17.875,20.025
1,1,1,1,1,0,1,0,1,1,0,1,1,0,19.877,19.839,17.967,20.402
1,0,0,0,1,0,1,1,1,1,0,0,0,0,19.082,19.333,17.8,19.321
0,1,0,0,0,1,0,1,1,0,0,1,1,1,19.824,19.893,17.843,19.9
0,1,0,0,1,0,0,1,1,1,0,0,1,1,19.193,18.84,17.737,19.368
0,1,1,0,0,0,0,0,1,1,0,1,0,1,19.887,19.751,18.224,19.789
1,0,0,1,1,1,0,1,0,1,1,1,1,0,19.567,20.324,17.98,20.168
0,0,1,0,1,0,0,1,1,1,1,0,1,0,19.916,19.174,17.606,19.4
0,1,1,1,1,0,0,1,1,1,1,1,1,1,19.457,19.576,17.952,19.898
1,0,0,1,1,1,0,1,0,1,1,1,0,1,19.95,19.679,18.016,20.358
0,0,0,1,0,0,1,0,0,1,1,1,1,1,19.745,19.762,17.981,20.172
1,0,0,0,1,1,1,0,0,0,0,0,0,0,18.855,19.471,17.224,19.535
1,1,0,1,0,1,1,0,1,1,0,0,0,1,19.333,19.074,18.013,19.667
1,1,1,0,1,0,1,1,0,0,1,1,0,1,19.817,19.534,17.467,20.176
0,0,1,0,0,0,0,0,1,0,0,0,0,1,18.999,19.09,17.099,19.237
1,1,0,1,1,0,1,0,1,1,1,1,1,1,20.004,19.616,17.947,19.956
0,0,1,1,1,1,0,1,0,0,0,1,0,1,19.535,19.488,17.6,20.101
0,0,1,1,1,1,1,0,1,0,0,1,0,0,19.792,19.818,17.56,19.826
0,1,1,1,0,0,0,0,0,1,1,1,1,1,19.839,20.203,17.905,20.219
0,1,1,0,1,1,0,0,1,1,1,1,0,1,19.872,19.826,18.119,20.004
1,0,0,1,1,1,1,0,0,1,0,1,0,0,20.423,20.22,18.129,20.462
0,1,0,1,1,1,1,1,1,0,0,1,1,1,19.702,19.555,17.448,20.283
1,0,1,1,0,0,0,0,0,0,1,1,1,0,19.875,19.839,17.636,20.113
1,1,0,0,0,1,0,1,0,1,1,1,0,1,19.924,20.088,17.945,20.127
0,1,0,0,0,0,0,1,1,0,0,0,0,1,19.067,18.767,17.468,19.585
0,1,1,0,1,0,1,0,0,0,0,1,1,1,19.563,19.725,17.37,20.172
1,0,1,1,0,0,0,0,1,1,1,0,0,0,19.108,19.114,18.075,19.339
1,1,1,0,1,1,0,1,1,0,0,1,0,1,19.895,19.978,17.604,20.247
0,1,1,1,1,1,1,0,0,1,0,0,0,0,18.934,19.09,17.656,19.436
1,0,1,0,1,1,0,1,1,1,1,1,1,0,19.681,19.897,17.909,20.044
0,0,1,0,1,0,0,1,1,0,0,1,0,0,19.715,19.781,17.422,20.047
1,0,0,1,1,1,0,1,0,1,0,0,1,0,18.958,19.062,17.703,19.394
1,0,1,1,1,0,0,0,1,0,0,1,0,1,19.599,19.961,17.378,20.169
1,0,0,0,1,1,1,1,1,1,1,1,0,0,19.816,20.108,17.93,20.7
0,0,0,0,1,0,0,1,0,0,0,0,1,0,18.924,19.284,17.107,19.279
0,1,1,0,0,0,1,0,0,1,1,1,1,1,19.718,19.799,17.924,19.903
0,1,1,1,0,1,1,0,1,1,0,1,0,0,19.887,19.898,17.904,19.968
0,0,0,0,1,1,1,1,1,0,0,1,1,1,19.608,19.667,17.754,19.749
1,1,1,0,0,1,1,0,1,0,0,1,1,1,19.808,19.881,17.513,19.985
0,1,1,0,0,1,1,0,1,0,0,0,0,0,19.108,19.035,17.357,19.301
1,1,1,0,0,1,0,1,1,1,1,0,1,0,19.251,18.906,17.944,19.552
0,1,1,1,0,1,0,0,1,0,0,0,1,0,19.035,19.025,17.297,19.453
1,1,1,1,0,1,0,0,1,0,1,1,1,1,19.763,19.865,17.645,19.923
1,1,1,0,1,0,1,1,0,1,1,1,0,0,19.718,19.785,17.552,19.99
1,1,0,1,0,0,1,0,0,0,0,1,0,0,20.001,19.604,17.543,20.281
1,1,0,0,1,0,0,0,1,1,1,0,1,1,18.802,19.321,17.551,19.426
1,1,0,0,0,1,0,1,0,0,0,1,0,0,19.751,19.99,17.458,20.063
0,1,0,1,1,1,1,0,0,1,1,0,0,0,18.823,18.853,17.925,19.157
0,1,0,0,1,1,0,0,0,0,0,1,1,1,19.555,20.005,17.463,19.915
0,0,1,0,1,1,1,1,0,1,0,0,1,0,19.052,19.192,17.693,19.472
0,0,0,0,0,1,1,1,1,0,1,0,1,1,19.033,19.076,17.259,19.119
0,1,1,1,1,1,0,0,0,1,0,1,0,1,19.84,19.7,17.989,20.048
1,1,1,1,1,0,1,0,1,0,0,1,1,1,19.988,20.037,17.444,20.271
0,1,1,1,0,1,1,0,0,1,1,0,1,1,19.529,19.252,17.586,19.362
0,0,0,0,0,0,1,0,1,0,1,0,0,0,19.083,18.943,17.187,19.286
0,0,0,1,0,0,0,0,1,0,1,0,0,1,18.656,19.032,17.067,19.254
0,1,0,0,0,0,0,0,0,1,1,0,1,1,18.878,19.142,17.654,19.275
1,1,0,0,1,1,1,1,1,1,1,0,0,1,19.044,18.941,17.755,19.453
0,1,0,1,0,0,1,0,1,0,0,0,1,0,19.2,19.217,17.112,19.347
1,1,1,1,0,0,1,0,0,1,1,1,0,1,19.795,19.907,18.256,19.951
1,1,0,1,0,0,0,0,0,1,1,0,1,0,19.092,19.162,17.644,19.512
1,0,0,1,1,1,1,1,0,0,0,0,0,1,18.869,19.138,17.104,19.438
0,0,0,1,0,1,1,1,1,0,0,1,0,1,19.575,19.841,17.447,20.17
1,1,0,0,0,0,1,0,1,1,0,0,1,0,19.003,19.115,17.878,19.516
0,0,0,1,1,1,0,1,1,0,1,0,1,0,18.836,19.164,17.173,19.328
1,1,0,0,1,1,1,1,0,0,1,0,1,1,19.084,19.133,17.089,19.257
0,1,0,1,0,1,0,1,1,1,0,1,0,1,19.758,19.703,17.914,20.122
0,0,1,1,1,0,0,0,0,1,1,1,1,1,19.861,19.754,17.923,20.208
1,0,0,0,1,0,1,1,1,0,0,1,1,0,19.868,20.02,17.54,19.79
0,0,1,1,1,1,1,1,0,0,1,1,0,1,19.972,19.729,17.567,19.863
0,0,1,1,0,0,1,1,1,1,1,0,1,1,19.137,19.39,17.846,19.391
0,1,0,0,1,1,1,0,0,1,1,1,1,1,19.793,19.536,17.954,20.481
1,0,1,0,1,1,0,1,1,0,0,0,0,1,18.882,19.061,17.389,19.536
0,1,1,0,1,0,1,1,0,0,0,0,0,0,18.789,19.094,17.516,19.926
1,0,0,0,0,0,1,1,0,0,0,1,1,0,19.571,19.436,17.612,19.814
1,1,1,1,1,1,1,0,1,0,1,0,0,0,18.992,19.12,17.158,19.377
0,0,0,1,0,1,1,0,1,1,0,0,0,1,19.226,19.219,17.831,19.359
1,0,0,1,1,0,0,1,0,1,1,0,0,0,19.254,19.242,17.846,19.805
1,0,0,1,0,0,1,0,0,0,1,0,1,0,18.801,19.027,17.224,19.472
1,1,1,0,0,1,0,0,0,0,0,1,1,0,19.416,19.77,17.608,20.265
1,1,0,1,1,1,1,0,0,0,1,0,1,1,18.743,18.848,17.166,19.515
1,0,1,1,0,1,0,1,0,1,1,1,1,0,19.884,19.865,18.028,20.189
1,0,1,1,1,0,0,0,1,1,1,1,1,0,19.824,19.966,17.9,20.134
1,0,1,0,0,1,0,0,1,0,1,0,0,0,18.897,19.262,17.272,19.519
0,0,1,0,0,0,1,1,1,1,0,1,1,1,19.696,19.701,17.936,20.061
0,1,1,1,0,1,0,1,1,0,0,0,0,0,19.096,18.922,17.143,19.343
0,0,1,0,0,0,1,1,1,0,1,1,1,1,19.723,19.731,17.783,19.885
0,1,0,0,1,0,0,1,1,0,1,1,0,1,19.832,20.362,17.473,20.374
1,1,1,1,0,1,1,0,1,0,1,1,1,0,19.66,19.549,18.014,20.122
1,1,0,0,1,0,1,1,0,1,1,0,0,1,19.09,19.103,17.573,19.615
1,0,1,1,1,1,0,1,1,1,1,1,1,1,19.581,19.754,17.945,20.238
0,0,1,1,1,0,1,0,1,1,1,1,1,0,19.456,19.743,18.129,19.839
0,1,0,1,1,1,1,1,1,0,1,0,1,1,19.178,18.898,17.103,19.315
0,0,0,0,0,1,1,0,1,1,1,0,1,0,18.995,19.164,17.99,19.761
1,0,0,0,0,0,1,1,0,1,1,0,1,0,19.495,19.188,17.701,19.485
0,0,0,1,0,0,0,0,0,1,0,0,1,1,19.13,18.806,17.691,19.308
1,1,0,1,0,0,1,1,1,0,0,1,1,1,19.954,19.561,17.45,19.996
1,0,0,0,1,1,1,1,0,0,0,1,0,1,19.878,20.059,17.466,20.109
1,0,1,0,1,0,1,1,0,1,0,1,0,0,19.942,20.06,18.069,20.498
1,0,1,0,1,1,0,1,0,1,1,1,0,1,19.771,19.83,18.013,20.335
1,0,1,1,0,0,0,0,1,1,1,1,1,0,20.427,19.988,17.978,20.02
0,0,1,0,1,1,1,0,0,0,0,0,1,0,19.093,19.423,17.123,19.246
0,1,0,1,1,1,1,1,1,1,1,0,1,0,19.264,19.207,17.761,19.435
0,1,0,1,0,0,0,0,0,0,1,0,1,0,19.728,18.901,17.155,19.136
1,0,0,1,0,0,1,1,0,1,1,1,0,1,19.926,20.072,17.993,20.323
0,1,0,0,0,0,0,0,1,1,0,0,0,1,18.789,19.528,17.988,19.448
0,0,1,0,0,1,1,0,1,1,1,1,0,0,19.819,20.042,17.992,20.441
1,0,1,1,0,1,1,1,1,0,0,0,1,1,18.888,19.161,17.038,19.552
0,1,0,0,1,1,1,1,0,0,0,1,1,0,19.525,19.85,17.557,19.71
1,1,0,0,0,0,0,1,1,1,0,1,0,0,19.985,20.191,18.084,20.298
0,0,1,1,0,1,1,1,0,0,0,1,1,0,19.774,19.62,17.618,20.075
1,0,1,0,0,0,1,1,1,0,1,0,0,1,19.203,19.117,17.229,19.559
0,1,1,0,0,1,0,0,0,1,1,0,0,1,19.191,19.283,17.798,19.315
1,1,0,0,0,0,0,0,0,0,0,1,1,1,19.967,19.538,17.584,19.97
1,0,0,1,0,1,0,0,1,0,1,1,0,0,19.846,19.678,17.537,19.933
1,1,1,0,1,0,1,1,0,1,0,0,0,1,19.088,19.409,17.642,19.539
1,1,0,0,1,1,0,1,0,0,0,1,1,1,19.575,19.855,17.575,20.313
1,0,1,1,0,1,1,1,1,1,0,1,0,1,19.838,19.765,18.081,20.537
0,0,0,0,1,0,1,1,1,0,1,0,0,1,19.609,18.861,17.23,19.055
0,1,1,1,0,1,0,1,0,1,1,1,0,1,19.649,20.151,17.963,21.219
0,0,1,0,1,1,0,0,0,0,0,1,1,1,19.721,19.896,17.38,19.828
0,1,0,1,0,1,0,0,1,0,1,1,1,1,19.768,19.607,17.504,19.92
0,1,1,0,0,0,1,1,0,0,0,0,0,1,18.945,19.234,17.196,19.285
0,1,1,1,1,0,1,0,0,0,0,0,0,1,18.926,19.24,17.168,19.135
1,1,1,1,0,1,0,0,1,0,0,1,0,1,19.813,19.366,17.578,19.997
1,0,1,0,0,1,0,1,1,0,1,1,0,0,19.796,19.808,17.499,20.099
1,0,1,0,0,0,0,1,1,0,1,0,1,0,19.178,19.251,17.198,19.272
0,1,1,0,0,1,0,0,1,0,1,0,1,1,18.973,19.109,17.149,19.001
0,0,0,0,0,0,1,0,1,0,1,1,1,0,19.739,19.651,17.497,19.656
0,0,1,0,1,1,1,0,1,0,0,1,0,0,20.046,19.673,17.935,20.3
0,0,1,1,1,0,0,0,1,0,0,1,0,0,20.463,19.806,17.596,20.01
1,0,1,1,1,0,0,1,0,0,1,1,1,0,19.836,19.911,17.508,20.01
0,0,1,0,1,1,0,1,0,1,0,0,1,1,18.982,19.112,17.769,19.152
1,1,0,0,1,0,0,1,1,1,1,0,1,1,19.025,19.146,17.848,19.412
1,1,0,0,1,1,0,1,0,0,0,1,0,1,20.05,19.798,17.634,20.108
1,0,1,1,0,0,0,0,0,1,0,0,1,0,19.109,19.147,17.722,19.494
1,1,0,0,0,1,0,0,1,1,0,0,1,0,19.14,18.896,17.804,19.615
0,1,0,1,1,0,0,0,0,0,0,1,1,0,19.838,19.808,17.496,20.121
1,0,0,1,0,1,0,0,0,0,1,0,0,1,19.047,19.085,17.169,19.208
1,1,1,0,0,1,0,1,1,0,0,0,1,0,19.191,19.01,17.329,19.004
1,0,0,1,0,1,1,0,1,1,1,1,1,1,19.573,19.668,17.89,20.193
1,1,0,1,1,0,1,1,1,1,1,1,1,0,19.787,19.953,18.032,20.607
1,0,0,1,1,1,1,1,0,1,1,0,0,1,19.186,19.301,17.767,19.568
0,0,1,0,1,1,0,0,0,1,0,0,1,0,18.949,19.076,17.597,19.263
1,1,1,1,0,0,0,1,0,0,0,0,0,0,19.032,18.65,17.394,19.363
1,1,1,1,0,0,1,1,0,0,0,0,0,1,19.536,19.033,17.336,19.401
0,1,1,0,0,0,1,1,1,1,0,1,0,1,20.139,20.083,17.963,20.359
0,0,0,1,1,0,1,0,0,0,0,1,1,0,19.918,19.7,17.631,20.064
0,1,0,1,1,0,1,0,1,0,0,0,1,0,19.138,18.938,17.229,19.163
0,0,0,0,1,0,0,1,1,0,1,1,0,1,19.79,19.863,17.588,20.213
1,1,0,0,0,1,1,1,1,1,1,0,0,0,19.24,19.421,17.758,19.802
0,1,0,1,1,1,0,1,0,1,0,0,0,1,18.999,18.918,17.611,19.758
1,0,0,1,0,0,0,1,0,0,1,1,0,0,19.83,19.812,17.768,20.056
0,0,0,1,1,0,1,1,1,0,1,1,0,1,19.766,20.022,17.586,20.186
1,1,0,1,0,0,1,0,0,1,1,0,1,0,19.019,19.43,17.717,19.406
0,0,0,1,0,1,0,1,1,0,1,1,0,1,19.742,19.591,17.581,20.029
1,1,1,0,0,1,1,1,1,1,0,1,1,0,19.741,19.836,18.008,20.186
0,1,0,0,0,1,1,1,0,1,1,0,1,0,18.94,19.125,17.804,19.309
1,1,0,0,0,0,1,1,1,1,1,1,0,1,19.736,19.908,17.95,20.031
1,0,0,1,1,1,1,1,1,0,0,0,1,1,19.077,18.661,17.398,19.331
1,1,0,0,1,0,0,0,0,1,0,0,1,1,19.397,19.143,17.594,19.355
1,0,0,1,1,1,1,1,1,1,1,1,0,1,22.043,19.888,17.973,20.162
1,1,0,0,0,1,0,0,1,1,1,0,1,1,18.798,19.303,17.751,19.211
1,0,1,1,1,0,1,0,0,0,0,1,1,1,19.615,19.633,18.024,20.086
1,1,1,1,1,1,0,0,0,1,1,0,0,0,19.321,19.168,17.809,19.355
0,1,1,1,1,1,0,0,0,1,0,1,1,1,19.678,19.783,17.834,19.959
0,0,1,1,1,1,1,1,1,0,0,0,1,0,18.97,18.912,17.018,19.451
1,0,1,1,1,1,0,1,0,1,1,0,1,0,19.31,19.302,17.653,19.507
0,1,0,1,1,0,0,1,1,0,0,1,0,0,19.752,19.964,17.453,19.854
1,1,0,0,0,1,1,1,1,0,0,0,0,1,19.287,18.966,17.088,19.377
0,0,0,1,1,1,0,1,0,1,0,1,0,1,19.814,19.72,18.066,20.221
0,1,1,1,0,0,1,1,1,1,1,0,0,1,19.273,19.237,17.773,19.46
1,1,1,1,1,1,1,1,1,1,1,1,0,1,19.96,19.983,18.424,20.842
1,1,0,1,1,1,0,0,1,1,1,0,0,0,19.11,19.224,17.604,19.322
0,1,0,1,0,0,1,1,0,1,0,0,0,1,19.082,19.252,17.709,19.692
0,0,1,0,0,0,1,0,0,0,0,1,0,1,19.57,19.565,17.455,20.139
0,1,0,0,1,0,0,1,0,1,0,1,1,0,19.44,19.596,18.134,19.924
0,0,1,0,1,1,1,1,0,0,0,0,1,1,19.007,19.155,17.212,19.292
0,0,0,0,0,0,0,0,1,1,0,0,0,0,19.19,19.276,18.274,19.584
0,0,0,0,0,0,1,1,1,1,0,0,1,0,19.106,18.856,17.649,19.043
1,1,1,1,1,0,1,0,1,0,1,0,0,0,18.951,19.079,17.218,19.469
0,0,1,0,1,1,0,1,0,0,0,0,1,1,18.89,19.281,17.05,19.21
0,0,1,0,0,1,0,0,1,0,0,1,1,0,19.607,19.727,17.955,19.964
1,0,0,0,1,0,0,1,1,0,1,1,1,0,19.757,19.692,17.705,20.247
1,0,0,1,1,0,0,0,0,0,1,0,0,1,19.502,19.209,17.205,19.216
0,0,0,1,0,1,1,0,0,1,0,0,0,0,18.964,19.133,17.645,19.422
0,1,1,1,0,0,0,0,0,1,0,1,0,0,19.864,19.608,17.943,20.361
0,1,1,1,1,0,1,1,1,0,1,0,1,0,18.777,18.965,17.124,19.507
1,0,1,0,0,1,1,0,0,0,0,0,0,0,19.253,19.143,17.379,19.478
1,0,0,0,1,0,0,1,1,1,0,1,1,0,19.729,19.895,18.04,20.177
0,1,1,0,0,0,1,0,0,0,1,1,0,1,19.802,19.663,17.843,19.964
1,0,1,0,1,1,1,0,0,1,1,0,0,0,19.445,19.095,18.125,19.333
1,0,0,1,0,0,1,0,0,1,1,1,0,1,19.808,19.878,17.921,20.266
1,0,0,0,0,0,1,1,1,0,1,0,1,0,19.376,18.87,17.307,19.337
1,1,0,0,0,0,0,1,0,0,1,1,1,0,19.439,20.019,17.681,20.099
0,1,1,1,0,0,1,1,0,1,1,1,1,0,19.336,19.724,17.934,19.924
1,1,0,1,1,0,0,1,0,0,1,1,0,0,19.699,19.545,17.805,20.133
1,1,0,1,0,0,1,0,0,1,1,1,1,1,19.718,19.603,18.066,20.213
0,1,0,0,0,1,0,1,0,1,1,1,1,0,19.657,19.957,18.007,20.174
0,1,1,1,1,0,0,1,0,1,1,0,1,1,19.296,19.512,17.789,19.545
0,0,0,0,0,0,1,0,1,0,1,0,1,1,18.815,18.713,17.335,19.401
0,1,1,1,1,0,0,0,1,0,0,0,0,0,19.186,19.046,17.097,18.991
0,1,1,1,1,1,1,1,0,0,1,0,1,1,18.966,19.027,17.244,19.218
0,1,0,0,1,0,0,1,0,1,0,0,1,1,19.162,19.077,17.65,19.371
1,0,1,0,0,0,0,1,0,0,1,1,0,0,20.043,19.889,17.435,20.301
1,1,0,0,1,0,0,1,0,0,0,0,1,0,19.236,19.067,17.121,19.34
0,1,0,0,1,1,1,0,1,0,1,1,1,1,19.381,19.645,17.489,19.888
1,1,1,0,0,1,0,1,1,0,1,0,0,1,19.262,19.076,17.3,19.631
1,0,0,0,0,0,1,0,1,1,1,0,1,1,18.911,19.238,17.756,19.323
1,0,0,1,1,0,1,1,1,1,1,1,1,1,19.886,19.762,17.977,19.95
1,1,0,1,1,1,0,0,1,1,0,1,0,0,19.893,20.237,18.018,20.585
0,1,1,1,0,0,1,1,1,1,1,0,0,0,18.925,19.15,17.767,19.401
0,0,0,1,0,1,0,1,0,0,1,0,0,0,19.115,19.071,17.237,19.375
1,0,1,0,0,1,1,0,0,1,1,1,1,0,19.781,19.674,18.457,20.018
0,1,1,0,0,0,0,1,1,1,0,0,1,0,19.632,19.208,17.767,19.204
1,0,0,1,0,1,1,0,0,1,1,1,1,1,20.134,20.018,18.091,20.5
1,0,1,0,1,0,0,0,1,1,1,0,1,0,19.215,19.418,17.694,19.229
1,0,1,1,1,1,1,0,0,1,1,1,1,0,19.849,20.045,17.916,20.362
0,1,1,0,1,1,1,1,0,1,0,1,0,0,20.347,19.683,17.875,19.743
0,0,1,0,0,0,0,0,1,0,1,1,0,1,19.457,19.757,17.639,19.984
0,1,1,1,0,0,0,0,0,0,0,1,0,1,19.506,19.9,17.551,20.406
0,0,1,1,0,0,1,0,0,1,0,0,1,0,19.572,19.165,17.641,19.459
0,1,1,0,0,1,1,0,0,1,0,1,0,0,19.478,19.722,17.879,20.151
0,1,0,1,0,0,0,1,0,0,1,1,0,0,19.293,19.492,17.567,20.046
0,0,1,1,0,1,0,1,0,1,0,1,1,1,19.647,19.84,17.971,19.884
1,1,0,0,0,0,1,1,0,1,1,1,1,0,20.033,20.167,18.045,20.181
0,1,1,1,1,0,1,1,1,1,0,0,0,0,18.931,19.214,17.799,19.318
0,1,0,0,0,0,1,0,0,1,1,0,0,0,18.983,18.803,17.549,19.174
1,0,1,0,0,1,0,1,0,0,1,1,1,0,20.114,19.662,17.463,19.866
0,0,1,1,0,1,1,1,0,1,0,0,0,1,19.297,19.165,17.788,19.449
0,0,1,1,0,1,1,0,0,0,0,1,0,0,19.979,19.56,17.517,20.232
1,1,0,1,1,1,1,0,1,1,0,0,0,0,19.431,19.261,17.714,19.314
1,1,0,0,0,0,0,1,0,1,0,1,1,0,19.805,20.165,17.953,20.305
0,0,1,0,0,0,1,0,1,0,0,1,1,0,19.404,20.046,17.864,20.67
0,0,0,0,1,0,0,1,0,1,1,1,1,1,19.855,19.86,18.079,20.134
0,1,0,1,1,1,0,1,0,0,0,1,1,1,19.272,19.302,17.535,19.852
1,0,0,0,1,0,0,0,0,1,0,1,1,1,19.556,19.857,17.887,20.422
1,0,1,1,0,0,0,1,1,0,1,0,1,0,18.773,19.239,17.223,19.4
0,0,1,0,1,1,1,1,0,0,0,0,0,1,19.181,18.915,17.254,19.394
1,0,0,0,0,1,0,0,1,0,0,1,1,0,19.582,19.701,17.654,19.989
1,0,0,0,1,1,1,1,0,1,0,0,0,1,19.167,19.232,17.802,19.51
0,1,1,1,0,0,0,0,0,0,0,0,1,1,19.26,18.701,17.176,19.423
1,1,0,1,0,1,0,1,1,1,0,0,0,0,19.176,19.211,17.801,19.633
0,1,1,1,0,0,0,1,1,1,0,0,0,0,19.289,19.016,17.807,19.405
0,1,1,1,1,1,0,0,1,1,1,1,1,1,19.538,19.469,18.166,19.935
1,0,0,0,0,0,0,0,0,0,1,0,1,0,18.844,18.993,17.323,19.188
0,1,0,1,0,0,0,1,1,1,0,1,0,0,19.874,20.08,17.916,20.047
0,1,0,0,0,0,1,1,1,1,1,0,0,1,18.913,19.203,17.711,19.394
0,0,0,0,0,1,0,0,1,0,0,0,0,1,19.101,18.887,17.217,19.204
1,1,0,1,1,1,0,1,0,0,1,1,1,1,19.98,19.931,17.637,20.209
0,0,1,0,0,1,1,1,0,1,0,1,1,1,20.001,19.894,17.997,20.246
0,0,0,1,1,1,0,0,1,0,1,1,1,0,20.084,19.872,17.612,20.204
0,1,0,0,1,1,0,0,1,0,0,0,0,0,19.361,18.985,17.116,19.369
1,0,0,0,0,1,1,1,0,0,0,1,0,0,19.686,19.6,17.621,19.915
1,1,0,1,0,0,0,1,1,0,0,1,1,1,19.698,20.156,17.452,19.908
1,1,0,0,0,1,1,1,0,0,0,0,1,0,18.692,19.076,17.11,19.406
1,0,0,1,1,0,0,1,1,1,1,1,1,1,20.053,19.665,18.042,20.073
0,1,1,0,1,0,1,1,1,0,0,1,1,1,19.456,19.523,17.602,19.998
0,1,0,1,1,0,1,1,0,0,0,0,1,0,18.796,19.131,17.055,19.506
1,0,0,0,1,1,1,1,1,1,1,0,0,0,19.459,18.855,17.738,19.282
1,0,1,1,0,1,0,1,0,0,1,1,0,1,19.781,19.762,17.58,20.125
1,0,1,0,1,0,0,1,1,0,1,0,0,1,19.111,19.178,17.211,19.178
1,1,1,1,1,1,1,1,1,1,1,0,1,1,19.14,18.937,17.69,19.292
1,1,1,0,1,1,0,0,1,1,0,1,1,1,19.599,19.778,17.928,20.07
0,1,0,1,1,0,0,0,1,0,1,0,0,1,18.846,19.07,17.118,19.347
1,0,1,0,1,1,0,1,1,1,1,0,1,1,18.873,19.097,17.667,19.407
0,0,0,1,1,0,1,1,0,1,1,1,0,0,19.567,19.609,18.031,19.872
1,0,0,0,0,1,0,1,1,0,1,0,0,1,18.916,19.047,17.15,19.417
1,0,1,0,0,1,1,1,1,1,0,0,1,0,19.174,18.887,17.798,19.385
0,0,0,1,0,0,1,1,1,1,1,0,1,1,19.175,19.103,17.936,19.222
0,0,0,0,1,0,1,1,1,1,1,1,0,0,19.975,20.166,17.841,20.145
0,1,1,0,0,0,1,0,1,0,1,0,1,0,18.808,18.631,17.031,19.277
0,1,0,0,1,0,1,0,0,0,1,0,0,0,18.799,19.155,17.19,19.346
1,0,0,1,1,1,0,1,0,1,1,1,1,1,20.256,19.964,17.917,20.299
1,1,0,0,1,0,0,0,1,1,1,1,1,0,19.993,19.688,17.909,20.186
1,1,0,1,0,0,0,0,0,1,0,1,1,1,19.626,19.436,17.942,20.019
0,0,1,1,1,1,1,0,1,1,0,1,1,0,19.44,19.751,17.88,20.315
0,1,1,0,0,0,1,0,1,0,0,0,1,0,18.992,19.207,17.157,19.02
0,1,0,1,1,0,1,1,0,1,1,1,0,0,19.979,19.905,18.045,20.215
0,1,1,0,0,1,0,0,1,1,1,1,1,1,19.583,19.562,17.922,19.99
1,0,1,1,0,1,1,0,1,1,0,1,0,0,19.618,19.876,18.311,20.205
0,1,0,1,0,0,1,1,1,0,1,0,0,1,19.009,18.954,17.187,19.1
1,0,1,1,0,0,1,0,1,0,1,1,1,1,19.829,19.664,17.769,20.207
0,0,1,1,0,1,1,0,1,0,1,0,0,1,19.225,18.927,17.321,19.107
0,0,0,1,1,1,0,1,0,1,0,1,0,1,19.971,19.877,18.193,19.893
1,1,1,0,0,0,0,1,1,1,1,1,0,1,20.06,20.051,17.949,20.516
0,1,0,0,0,1,0,0,1,1,0,0,1,0,19.445,18.969,17.751,19.3
1,0,0,1,1,1,1,0,1,0,0,0,1,1,18.847,19.256,17.212,19.268
1,1,0,1,1,1,1,1,0,1,1,1,1,1,19.748,19.943,18.073,20.092
1,0,1,0,0,1,0,0,1,1,1,0,0,1,19.169,19.221,17.913,19.248
0,1,0,1,1,0,1,1,1,1,1,1,0,0,19.648,19.752,17.993,19.908
1,0,0,1,0,1,0,0,0,1,1,0,0,1,18.872,19.204,17.981,19.567
0,1,0,1,0,1,1,1,0,0,1,1,1,0,19.52,19.497,17.901,20.037
1,0,1,1,0,0,0,1,1,0,1,1,1,1,19.556,19.643,17.559,19.811
1,0,1,1,0,0,0,0,1,0,1,1,1,1,19.879,19.881,17.81,20.031
0,1,1,1,1,0,1,1,0,1,0,1,0,1,19.561,19.846,17.894,20.395
1,1,1,1,1,1,1,0,0,0,0,0,0,1,19.131,18.975,17.243,19.323
1,0,0,0,1,0,0,0,1,1,1,0,0,1,19.101,19.138,17.61,19.397
0,0,0,0,1,0,1,0,1,1,1,0,0,0,19.114,19.453,17.702,19.134
0,1,1,1,0,1,1,1,0,1,1,0,1,0,18.941,18.802,17.689,19.309
0,1,1,0,0,0,1,0,1,0,1,1,1,0,20.658,19.504,17.521,19.661
0,0,0,0,0,1,0,0,0,0,0,1,0,1,19.684,19.776,17.544,19.912
1,1,0,0,0,1,1,1,0,0,1,1,1,0,19.528,19.796,17.473,20.018
1,0,0,0,0,0,1,0,0,0,0,1,0,0,19.874,19.598,17.465,19.924
1,1,0,1,1,1,0,1,0,1,0,1,1,0,19.655,19.435,18.154,20.072
0,1,0,1,1,1,1,0,1,1,1,0,1,1,19.105,19.112,17.704,19.358
0,1,0,1,1,0,0,0,0,0,0,0,0,1,18.865,19.164,17.243,19.296
1,1,0,1,0,0,0,1,1,1,0,0,1,0,19.012,18.949,17.752,19.399
0,1,0,1,1,0,0,0,0,0,1,1,1,0,20.369,19.461,17.848,19.987
0,1,1,1,0,1,1,1,1,1,0,0,1,1,19.353,19.131,17.776,19.933
0,0,1,1,1,0,1,1,0,1,1,0,1,1,19.256,18.845,17.758,19.566
1,1,0,0,0,0,1,0,1,1,0,1,0,1,19.576,19.855,17.912,20.138
0,0,0,0,1,0,1,1,0,0,1,1,1,0,19.653,20.017,17.446,20.316
1,1,0,1,0,0,0,0,0,0,1,0,0,0,19.077,19.113,17.47,19.41
0,1,1,0,0,0,1,1,0,1,0,0,1,0,19.072,19.173,17.7,19.377
1,0,1,1,1,1,0,0,1,0,1,0,0,1,19.121,18.998,17.189,19.246
1,1,1,1,0,0,1,0,1,1,1,1,0,0,19.99,19.751,17.968,19.859
1,0,1,0,0,0,1,1,0,0,0,0,0,0,19.105,19.457,17.214,19.612
1,1,1,0,1,1,0,0,1,0,0,0,0,0,19.43,19.505,17.194,19.442
1,1,0,0,1,1,0,0,1,0,0,1,0,0,20.154,20.256,17.842,20.243
0,0,0,1,1,0,1,0,0,1,0,0,0,0,19.146,19.081,17.723,19.53
0,0,0,0,1,1,0,0,1,0,1,1,0,0,19.513,20.091,17.514,20.012
0,0,1,1,0,0,1,1,1,1,1,0,0,1,18.84,19.169,17.724,19.588
1,0,1,0,0,0,0,1,0,1,0,0,0,0,19.061,19.128,17.75,19.546
0,0,1,0,1,1,0,0,1,0,0,1,1,0,19.504,19.789,17.515,19.829
0,0,0,1,1,1,0,1,0,1,0,1,1,1,19.741,19.733,18.047,20.159
1,1,1,1,1,0,1,0,0,1,1,0,1,0,19.054,19.245,17.688,19.26
0,1,1,1,0,1,1,1,0,0,1,1,1,1,19.746,19.44,17.384,20.029
0,0,1,1,0,1,0,0,1,0,0,0,1,0,19.323,19.024,17.072,19.036
0,1,1,1,1,0,0,1,0,0,1,1,0,1,19.734,19.744,17.538,19.786
0,0,1,1,0,0,1,1,0,0,1,0,0,1,19.224,19.11,17.165,19.342
1,1,1,0,1,1,1,0,1,0,0,0,1,0,18.921,18.799,17.283,19.441
1,1,0,0,1,0,1,0,0,1,0,0,0,0,19.401,19.288,18.395,19.499
0,0,1,1,1,1,0,1,0,1,0,1,1,1,19.846,20.215,17.955,20.09
0,0,1,1,1,0,1,0,0,1,1,0,1,1,18.838,18.804,17.6,19.307
0,1,0,0,1,0,0,0,1,1,0,0,1,0,19.081,19.222,17.989,19.27
0,0,1,0,0,0,1,1,0,0,1,1,0,0,19.789,20.101,17.519,19.948
1,1,0,0,0,0,0,1,1,1,1,0,0,0,19.175,18.893,17.79,19.544
0,1,0,0,1,0,0,0,0,1,1,0,1,0,19.342,19.028,17.704,19.243
0,0,1,1,0,0,0,1,0,0,0,0,0,0,18.756,18.928,17.1,19.292
1,0,1,0,1,0,0,0,1,0,0,1,0,0,19.613,19.571,17.638,20.572
1,0,1,1,1,0,0,1,0,0,0,1,1,0,19.589,19.793,17.567,20.061
0,1,1,0,0,0,1,1,0,1,0,0,0,1,18.847,19.199,17.589,19.298
1,0,1,1,0,0,0,0,0,0,1,0,1,0,19.033,19.063,17.231,19.125
1,0,0,0,0,0,1,0,0,1,1,0,1,1,19.608,18.963,17.726,19.503
1,1,1,1,0,1,0,1,0,0,0,1,1,0,19.749,19.695,17.683,19.813
0,1,1,0,0,0,0,0,1,1,1,1,0,0,20.272,19.753,17.965,19.787
1,1,1,1,0,0,0,1,1,1,0,0,0,0,19.486,18.96,17.627,19.694
0,0,0,1,1,0,0,0,0,1,1,0,1,0,19.197,19.167,17.645,19.384
1,1,0,0,1,0,0,0,1,1,0,0,1,0,19.111,19.16,17.844,19.152
0,1,1,0,0,0,1,0,1,1,0,0,1,1,18.911,19.004,17.715,19.426
1,1,1,0,0,1,0,0,1,1,0,1,1,0,19.731,19.633,17.961,20.204
0,1,0,1,0,1,1,1,1,1,1,0,1,1,18.965,19.207,17.866,19.206
0,1,1,0,0,1,0,0,1,0,1,1,0,0,19.812,19.737,17.484,20.158
1,0,0,0,1,1,0,0,1,1,0,1,1,1,19.747,19.771,18.108,19.961
0,0,1,0,0,1,1,1,1,0,1,1,1,0,19.818,19.695,17.629,20.324
0,1,0,1,1,0,1,1,1,0,1,0,0,1,19.028,19.246,17.069,19.401
1,0,1,0,0,0,0,0,1,0,0,0,1,1,19.447,18.764,17.04,19.105
0,1,1,0,0,0,1,0,0,0,0,0,1,1,18.903,18.916,17.131,19.285
0,1,1,0,0,1,0,0,0,1,1,1,1,1,19.587,19.805,18.043,20.071
0,1,0,1,0,0,0,0,0,0,0,0,1,1,18.736,18.718,17.188,19.189
0,0,1,0,1,0,0,1,1,0,1,0,0,0,18.811,19.106,17.5,19.892
1,1,0,0,0,1,1,0,1,0,0,1,0,1,19.696,19.817,17.503,20.761
1,0,0,0,0,0,1,0,1,1,0,0,1,1,19.198,18.878,17.689,19.462
0,1,1,1,0,1,0,0,1,0,1,0,1,0,19.796,19.096,17.512,19.155
0,0,0,1,0,0,0,1,1,0,0,0,1,0,19.357,18.992,17.486,19.587
1,0,1,0,1,0,0,0,0,1,0,1,1,0,19.876,19.723,18.054,20.428
1,0,0,1,1,0,1,0,1,1,1,0,0,1,19.057,18.982,17.735,20.082
1,1,1,0,1,0,1,0,1,1,0,0,1,1,19.129,19.322,17.692,19.246
0,1,1,1,0,0,1,1,1,0,1,1,1,0,19.351,19.393,17.447,19.745
1,1,0,1,1,0,1,1,1,0,0,1,1,0,20.286,19.678,17.474,20.008
1,0,1,0,0,1,0,1,0,1,1,0,1,0,18.769,19.309,17.804,19.264
0,1,0,0,1,0,0,0,1,0,1,0,1,1,19.11,18.61,17.177,19.174
1,0,0,1,1,0,1,0,0,0,1,0,0,0,19.237,19.476,17.184,19.221
1,0,1,0,1,1,1,0,0,1,0,0,0,1,19.244,19.36,17.63,19.416
1,1,1,1,0,0,0,1,1,1,1,1,0,1,19.687,19.842,18.032,20.161
1,1,1,0,0,0,0,1,0,1,0,1,0,0,19.788,19.583,18.197,19.987
1,0,0,1,1,1,0,0,0,0,0,0,0,1,18.863,19.138,17.528,19.527
0,1,1,1,0,0,0,1,1,0,1,1,0,1,19.629,20.189,17.432,20.131
0,1,0,1,1,0,0,0,0,0,0,1,0,1,19.637,19.557,17.595,20.027
0,0,0,0,0,1,1,0,1,1,1,0,0,0,19.314,19.16,17.739,19.43
0,1,1,0,0,0,0,1,0,1,1,0,1,0,18.893,19.145,17.942,19.333
0,1,1,0,1,1,0,0,0,1,0,1,1,1,19.611,19.716,18.009,19.81
1,1,1,1,0,1,1,1,0,1,0,0,1,0,19.178,19.087,17.811,19.546
0,1,0,0,1,0,1,0,1,1,0,1,0,0,20.286,19.811,18.427,20.033
1,1,0,1,0,1,1,0,0,1,1,1,1,0,19.905,19.831,18.104,20
1,1,1,0,1,0,1,1,1,0,1,0,0,1,19.423,19.035,17.269,19.319
1,0,0,0,0,1,1,0,1,1,1,1,1,0,20.336,19.882,18.073,20
0,0,1,1,0,1,1,1,1,1,1,0,0,0,19.981,19.429,17.699,19.301
0,1,0,1,1,0,1,1,1,0,0,0,1,1,18.791,18.746,17.14,18.966
1,0,1,1,0,0,1,0,1,0,0,1,1,1,19.552,19.657,17.491,20.036
0,1,0,0,1,0,1,0,1,0,0,0,1,1,18.912,19.086,17.123,19.114
1,1,1,1,1,0,1,0,1,1,0,0,0,0,19.22,19.037,18.068,19.404
0,1,0,1,0,0,1,0,0,1,1,1,0,0,19.689,19.683,17.981,20.121
1,1,1,1,1,1,1,1,1,1,0,0,0,0,19.641,19.135,17.734,19.187
0,1,0,1,1,0,1,0,1,0,1,1,0,0,19.739,19.829,17.75,20.138
1,0,0,1,1,0,0,0,0,1,1,0,0,1,19.2,18.924,17.778,19.63
1,1,0,1,0,1,1,0,0,1,1,1,0,0,19.747,19.85,18.609,20.195
0,0,1,1,1,1,0,0,1,0,0,0,0,1,18.983,19.231,17.287,19.14
0,0,1,0,0,0,0,0,1,1,1,1,0,0,19.694,19.527,17.985,19.756
0,0,1,0,0,1,0,0,0,0,1,0,1,0,18.813,18.886,17.441,19.155
1,0,1,0,0,1,1,0,0,1,1,0,0,0,19.016,19.179,18.029,19.484
1,0,0,1,0,0,1,0,1,0,1,1,0,1,19.669,19.468,17.742,20.066
0,0,1,1,1,0,1,0,0,1,1,0,1,0,19.349,19.085,17.664,19.276
1,1,1,1,0,1,1,0,0,0,1,0,1,1,19.148,19.265,17.297,19.132
1,1,0,1,1,1,0,1,0,0,1,1,1,1,19.997,19.707,17.518,20.155
0,1,0,1,1,0,1,0,1,0,0,0,0,0,19.713,19.071,17.388,19.495
1,0,0,0,1,0,1,1,1,0,0,1,1,1,19.892,20.288,17.754,20.125
0,0,1,0,1,1,1,0,0,0,0,1,1,0,19.817,19.822,17.822,19.785
1,0,1,0,0,1,1,0,0,0,1,0,1,0,18.946,18.849,17.331,19.278
0,0,0,0,1,1,0,1,1,1,1,1,0,1,19.324,20.42,18.212,19.88
0,0,0,1,0,1,1,0,0,1,0,0,1,1,18.862,19.176,17.706,19.123
1,1,0,1,0,0,0,0,1,1,1,1,0,0,19.791,20.1,18.104,20.136
0,1,1,1,0,1,0,1,1,0,1,1,1,1,19.57,19.407,17.603,19.987
0,1,1,1,0,1,1,1,0,0,0,1,1,1,19.321,19.626,17.513,19.981
1,0,0,0,0,0,1,0,0,1,0,1,1,0,20.191,20.519,18.144,20.104
1,1,1,0,1,1,1,1,0,0,0,0,1,1,19.017,19.434,17.349,19.356
1,1,1,1,0,0,0,1,1,0,1,0,0,0,19.615,18.755,17.18,19.437
0,0,0,1,0,0,1,1,1,1,0,1,0,0,20.042,19.816,18.101,20.212
0,0,1,1,0,1,0,0,0,1,1,0,1,0,19.08,19.085,17.67,19.431
0,0,0,1,1,0,0,1,0,1,0,1,1,1,19.507,19.708,18.379,19.888
1,1,0,1,1,1,0,1,0,0,1,0,0,1,18.976,18.992,17.226,19.431
1,0,1,1,1,1,1,1,0,1,0,0,0,1,18.885,19.376,17.675,19.499
0,0,1,0,1,0,1,0,1,0,0,0,1,0,19.042,18.844,17.444,19.448
0,1,0,0,0,1,0,0,0,0,0,1,1,0,19.884,19.561,17.468,19.888
0,0,1,0,1,0,0,0,0,1,1,0,0,0,19.09,19.363,17.822,19.38
1,1,0,1,0,1,1,0,1,0,0,0,1,1,19.144,18.698,17.299,19.231
1,0,0,1,0,0,0,1,1,0,1,0,1,1,19.27,19.067,17.192,19.36
1,1,0,1,1,0,1,0,0,1,1,0,0,1,19.071,19.351,17.987,19.459
0,0,0,0,1,0,0,0,1,1,1,0,1,1,18.955,18.868,17.751,19.525
0,1,1,0,0,0,0,1,0,1,0,1,1,1,19.567,19.819,17.929,19.89
1,0,1,0,0,1,0,0,1,0,1,0,0,0,19.018,19.183,17.066,19.49
0,1,0,1,1,1,0,0,1,0,1,0,0,0,19.037,18.989,17.339,19.575
0,1,1,0,0,0,1,0,0,1,1,0,1,1,19.187,19.197,17.607,19.262
1,0,0,1,1,0,1,1,0,1,0,1,1,1,19.818,19.842,18.021,20.215
1,0,1,1,0,1,0,1,1,0,1,1,1,1,19.686,19.586,17.686,20.142
0,0,1,1,1,0,1,1,1,1,1,0,1,1,19.23,19.052,17.774,19.461
1,0,1,1,1,0,1,1,1,0,0,0,0,0,18.854,19.208,17.328,19.37
1,0,1,1,1,1,0,0,0,0,1,0,1,0,18.9,18.875,17.568,19.064
0,0,1,0,0,0,1,1,0,1,0,1,1,0,19.579,19.818,17.979,20.144
1,1,1,0,1,1,1,1,0,0,0,1,1,1,19.596,19.743,17.587,20.205
0,1,0,1,0,1,1,0,1,0,1,0,1,1,19.226,18.776,17.471,19.262
0,1,1,1,0,0,0,0,1,1,1,0,0,0,19.222,19.126,17.789,19.542
0,1,0,1,0,1,0,1,0,0,0,0,1,1,18.964,19.054,17.153,19.202
1,1,0,0,1,0,0,1,0,0,0,1,1,0,19.698,19.547,17.3,20.007
0,1,0,1,1,0,0,0,1,0,1,0,0,1,18.86,18.877,17.376,19.511
0,1,1,0,0,1,1,0,0,1,0,0,0,0,18.831,19.185,17.691,19.365
0,0,1,1,1,1,1,0,0,1,0,1,1,1,19.628,19.711,18.282,19.875
1,0,1,1,1,1,0,1,0,1,0,0,0,1,19.15,19.068,17.851,19.583
1,1,1,0,1,0,1,0,1,1,0,0,0,0,19.131,19.249,17.681,19.489
1,0,0,0,1,1,0,1,1,0,1,1,1,1,19.699,19.591,17.56,19.971
0,1,1,0,1,1,1,1,1,1,1,0,1,1,19.053,18.91,17.794,19.428
0,0,1,0,1,1,1,1,1,0,1,1,0,1,19.81,19.901,17.811,19.903
0,0,1,1,1,0,0,1,1,1,0,1,1,1,19.761,20.068,18.032,19.993
0,0,0,0,1,0,1,1,0,1,0,0,0,0,18.912,19.116,17.918,19.445
1,1,1,1,1,1,1,1,0,0,0,0,1,1,19.329,19.236,17.365,19.351
0,0,1,1,0,0,0,1,1,0,0,0,1,1,18.82,19.051,17.187,19.223
0,0,1,0,1,1,1,0,1,1,1,1,0,0,19.761,19.522,17.961,20.202
0,1,0,1,1,0,0,0,1,1,0,0,1,1,19.747,19.227,17.797,19.431
0,0,1,1,1,0,1,0,0,1,1,1,1,0,19.854,19.868,17.956,19.875
0,0,0,1,0,0,0,0,1,0,1,1,0,1,19.932,20.043,17.483,19.945
0,0,0,0,0,1,1,0,1,1,1,0,0,1,19.254,18.877,17.777,19.631
1,0,1,1,1,1,0,1,1,1,0,1,1,0,20.195,19.8,18.077,20.202
1,0,0,0,1,0,1,1,0,0,1,0,1,0,19.144,19.26,17.269,19.55
1,0,0,0,1,0,1,0,1,0,1,0,1,0,18.844,18.921,17.282,19.239
0,0,0,1,0,1,1,1,0,0,1,1,1,0,19.751,19.766,17.616,20.081
1,1,0,1,1,1,0,1,1,0,0,1,0,1,19.75,20.039,17.549,19.975
0,1,0,0,0,1,1,1,0,1,0,0,1,0,18.862,19.235,17.817,19.37
1,1,1,0,0,1,1,1,1,1,0,1,1,1,19.828,19.755,18.098,20.199
1,1,0,1,1,0,1,1,0,1,0,0,0,1,19.236,18.983,17.683,19.328
0,1,1,0,0,1,0,1,0,0,1,1,0,1,19.639,19.747,17.874,20.069
1,1,1,0,0,1,0,1,0,1,1,1,0,0,19.892,20.075,18.146,20.096
1,1,0,1,1,1,1,0,0,0,1,0,1,0,19.431,19.159,17.123,19.228
1,0,0,0,0,0,1,0,0,1,0,1,1,1,21.475,19.706,18.694,20.292
1,1,0,1,1,0,1,1,0,1,0,1,0,1,19.912,19.982,17.946,20.049
0,1,1,0,0,1,0,0,1,1,0,0,1,1,19.21,19.36,17.712,19.257
1,1,1,1,1,1,1,0,1,1,1,0,0,0,19.12,18.797,17.742,19.416
1,1,1,0,1,1,1,0,1,1,0,0,1,1,19.337,19.219,17.958,19.451
0,0,1,0,1,1,1,1,1,0,0,1,1,1,19.734,19.915,17.497,20.265
1,0,0,1,1,1,1,1,1,1,0,1,0,1,19.605,19.727,18.32,20.119
1,0,1,1,1,0,0,0,1,1,0,0,1,1,18.856,19.007,17.72,19.818
1,0,0,1,1,1,1,0,1,1,1,1,1,0,21.204,20.296,17.987,20.423
0,0,1,1,1,0,1,1,1,1,0,1,0,0,19.417,20.081,17.97,19.971
1,0,0,0,0,0,1,0,1,1,0,0,0,1,19.185,19.143,17.786,19.774
0,1,0,0,1,0,1,0,1,0,0,0,1,0,18.759,18.958,17.139,19.273
1,0,0,1,1,1,0,1,0,0,0,1,1,1,19.667,19.718,17.535,19.801
0,0,1,0,0,1,1,1,1,0,0,0,0,1,19.053,18.874,17.103,19.226
1,1,0,1,1,0,1,1,0,0,1,0,0,0,19.359,19.152,17.192,19.057
0,1,0,0,1,1,1,1,1,0,1,1,0,1,19.674,21.089,17.65,20.512
1,0,1,0,1,0,1,1,1,1,1,0,0,1,18.928,19.554,17.618,19.325
1,0,0,0,1,0,1,1,1,0,1,0,0,1,18.881,19.288,17.372,19.23
0,0,1,1,1,0,1,0,1,1,1,1,0,1,19.508,19.682,18.032,19.868
1,1,1,1,0,0,0,0,0,0,0,0,1,0,19.12,18.833,17.358,19.244
0,1,1,1,1,0,0,1,0,0,0,0,1,1,19.008,18.983,17.212,19.175
1,1,0,1,1,0,1,0,1,0,1,1,0,1,19.907,19.897,17.787,20.112
1,0,1,0,1,1,1,0,1,0,1,1,0,1,20.206,19.701,17.556,20.485
0,0,0,1,0,1,0,0,1,0,0,1,0,0,20.09,19.671,17.466,19.951
0,0,0,1,0,0,1,0,1,0,0,0,0,1,19.249,19.122,17.487,19.445
0,1,1,1,1,0,0,0,1,0,1,1,0,0,19.492,19.627,17.646,19.912
0,1,0,1,0,0,0,0,1,1,1,1,1,0,19.532,19.692,18.001,20.096
0,0,0,1,1,1,0,1,1,1,1,1,1,1,19.98,20.04,17.925,20.015
1,1,1,0,0,0,1,1,0,1,1,1,0,0,19.635,19.974,18.021,20.062
0,1,0,0,0,1,1,1,0,0,1,0,1,0,18.781,18.807,17.063,18.89
1,1,0,1,0,0,0,0,0,0,0,0,1,0,19.23,19.033,17.137,19.262
0,0,1,1,0,0,1,0,1,1,1,1,1,1,20.045,20.225,17.967,20.129
1,1,1,1,1,0,1,0,1,0,1,1,1,1,19.51,19.64,17.627,20.082
1,0,1,1,1,0,0,0,0,1,1,1,0,1,19.847,19.794,17.954,20.031
0,0,0,1,0,0,1,0,1,1,0,0,0,1,19.064,19.081,17.793,19.576
1,0,0,1,0,1,0,0,1,0,1,1,1,1,19.783,19.636,18.026,20.621
1,1,0,0,1,0,1,0,0,0,0,0,1,1,19.018,18.723,17.139,19.341
0,1,1,0,0,1,0,0,0,1,1,1,0,1,19.691,19.631,17.937,19.875
1,1,1,0,0,0,0,0,1,0,0,0,0,1,19.264,19.354,17.543,19.233
0,0,1,0,1,1,0,0,0,0,1,0,0,1,18.645,19.133,17.171,19.452
1,1,1,1,0,1,1,0,0,1,1,0,1,1,18.906,19.196,17.81,19.394
0,1,0,0,1,1,0,0,0,1,1,1,0,0,19.533,20.116,17.97,20.082
0,0,0,1,0,0,0,0,0,1,1,0,0,1,19.096,19.05,18.109,19.181
0,0,1,1,1,1,1,0,0,0,1,1,1,1,19.804,19.621,17.671,19.842
0,0,1,1,0,1,0,1,1,1,1,1,0,1,20.26,19.899,18.078,20.323
0,0,1,0,1,0,1,0,1,1,0,1,0,0,19.863,19.944,18.053,20.094
1,1,1,0,0,1,0,1,0,1,0,0,1,0,19.252,18.853,18.118,19.286
0,1,1,0,0,0,0,1,0,1,1,1,1,1,19.913,19.978,18.216,20.26
0,0,0,1,1,1,0,0,0,1,1,1,1,0,19.798,19.852,17.977,19.956
0,1,0,0,0,1,1,0,1,1,1,1,1,0,19.871,19.973,18.285,20.023
1,1,0,1,0,0,1,1,1,0,1,0,1,0,18.868,18.889,17.579,19.109
1,0,1,0,1,0,1,0,0,1,1,1,1,1,19.619,20.112,18.173,20.066
1,1,0,0,0,1,0,1,0,1,1,0,1,0,19.223,19.133,17.678,19.379
1,1,0,1,1,1,0,0,1,1,1,1,1,0,19.666,19.671,18.12,20.19
0,1,1,1,0,0,0,1,1,1,1,1,0,0,19.703,19.508,17.978,20.321
0,1,1,1,0,1,0,0,0,0,0,0,0,0,18.773,19.092,17.133,19.357
1,0,1,0,0,0,1,0,0,0,1,0,1,0,19.002,18.964,17.204,19.169
1,0,0,0,1,0,1,1,0,1,0,0,0,1,19.148,18.979,18.192,19.241
0,0,1,0,0,1,0,0,0,0,0,0,1,1,19.094,18.959,17.317,19.352
0,1,0,0,1,0,0,0,0,1,0,0,1,1,18.964,19.576,17.771,19.357
0,0,1,0,1,0,1,1,0,0,1,1,0,0,19.626,19.457,17.872,20.109
1,1,0,1,0,0,0,1,0,1,1,1,0,1,20.056,20.63,17.909,20.079
0,0,1,0,0,1,0,0,1,0,0,1,0,1,19.568,19.743,17.528,20.067
0,0,0,1,0,1,1,0,0,0,1,1,0,0,19.797,20.122,17.565,20.35
0,0,1,1,1,0,0,0,1,0,0,0,0,1,18.977,19.107,17.232,19.292
0,1,0,1,1,0,0,0,1,0,1,0,0,0,19.336,18.908,17.301,19.2
1,0,0,0,0,0,1,0,1,0,1,1,1,1,19.704,19.825,17.643,19.923
0,0,0,1,0,0,0,0,0,0,1,0,0,0,19.163,18.944,17.249,19.294
1,1,1,1,0,0,0,0,1,1,1,1,1,0,20.1,19.849,17.963,20.173
0,0,0,0,0,0,1,1,0,0,0,0,1,1,19.025,18.851,17.171,19.237
0,1,0,0,0,1,1,0,1,0,1,1,0,0,19.464,19.903,17.599,19.855
0,0,0,0,1,1,0,1,1,1,0,0,0,0,18.822,19.263,17.77,19.404
0,0,1,0,0,0,1,1,1,0,0,0,0,1,18.889,19.007,17.198,19.339
0,0,1,0,1,0,1,0,0,0,1,1,1,1,19.604,19.57,17.586,20.126
0,0,1,1,0,1,1,1,1,0,0,0,1,0,18.926,19.102,17.277,19.03
0,0,1,0,1,1,0,1,0,1,0,0,1,1,19.899,18.973,17.752,19.314
1,1,0,1,0,0,0,0,0,0,0,1,1,0,19.838,19.859,17.661,20.272
0,1,1,0,0,0,1,0,1,1,0,0,0,0,19.182,19.03,17.872,19.327
1,1,0,1,1,1,0,0,0,1,0,0,0,1,19.391,19.044,17.727,19.744
1,0,1,0,1,1,0,0,1,1,1,0,1,1,18.923,19.206,17.889,19.27
1,0,0,0,1,1,1,0,0,1,1,0,1,1,18.85,19.612,17.787,19.648
1,1,1,0,1,0,1,0,1,1,1,0,0,0,19.045,18.92,17.726,19.727
1,1,0,1,0,0,1,0,0,0,1,0,1,1,19.174,19.097,17.126,19.256
1,1,1,0,0,1,1,0,1,0,0,0,0,0,19.377,19.283,17.527,19.324
1,1,0,0,0,0,0,1,1,0,0,1,1,0,19.88,19.339,17.558,20.271
0,0,1,1,0,0,1,1,0,0,0,1,1,1,19.415,19.625,17.47,20.157
0,1,0,1,0,1,0,1,1,1,1,1,0,1,19.72,19.75,18.142,20.052
0,1,1,0,1,1,0,1,0,1,0,0,1,1,18.985,19.187,17.809,19.15
1,1,1,0,0,1,0,0,0,1,0,1,1,0,19.935,19.858,17.92,20.483
1,0,1,0,0,1,0,0,1,0,1,1,1,1,19.744,19.541,17.488,20.103
1,1,0,1,0,1,0,0,0,1,0,0,1,0,19.073,19.294,17.619,19.296
0,0,1,1,0,1,1,0,0,1,0,1,1,0,19.592,19.901,18.433,19.909
0,1,0,0,1,0,1,1,0,1,0,1,1,1,19.52,19.609,17.923,19.842
0,1,0,1,0,0,0,1,0,1,1,1,0,1,19.673,19.615,17.935,20.03
1,0,1,1,1,0,0,0,1,1,1,0,1,1,19.011,19.147,17.803,19.541
0,1,0,0,0,0,1,0,0,1,1,1,0,1,19.683,19.698,18.006,20.257
0,0,0,1,0,1,1,0,1,1,1,1,1,1,20.241,19.973,17.949,20.649
1,0,0,0,0,1,0,0,1,0,0,1,1,0,19.813,19.748,17.57,19.969
0,0,0,0,0,1,0,0,1,1,1,0,0,1,19.218,19.112,17.77,19.201
1,0,1,1,0,0,1,1,0,1,1,1,1,1,20.16,19.78,18.059,20.158
0,0,0,0,1,0,1,1,0,0,1,1,0,0,19.749,19.525,17.496,20.218
0,1,1,1,1,0,1,1,0,1,1,0,1,0,18.771,19.344,18.558,19.395
0,1,1,0,1,0,1,0,1,0,0,1,1,1,19.746,19.741,17.654,19.522
1,1,0,1,0,1,0,0,1,0,1,0,1,1,18.798,19.021,17.288,19.279
0,0,1,1,1,0,1,1,0,0,0,1,1,1,19.431,19.625,17.583,20.157
1,1,1,0,0,0,0,1,1,0,0,0,1,0,19.203,19.035,17.257,19.917
0,0,0,1,0,1,1,1,1,0,0,1,0,1,19.919,19.827,17.632,20.104
1,1,0,0,0,0,1,0,1,1,1,0,0,1,19.55,19.273,17.96,19.796
0,1,1,0,1,0,0,1,1,0,0,0,0,1,19.086,19.246,17.278,19.337
1,1,0,1,0,1,1,0,0,1,1,1,0,1,20.552,19.594,18.027,20.194
1,1,1,0,1,0,1,0,1,0,0,1,0,0,20.078,19.608,17.673,20.09
0,1,1,0,1,0,0,1,1,1,0,0,0,0,19.78,19.078,17.818,19.423
1,1,0,0,0,0,1,1,0,1,0,0,1,1,19.073,19.253,17.923,19.424
0,1,1,0,1,0,1,1,1,1,0,0,0,1,18.979,19.085,17.48,19.53
0,0,1,0,1,1,0,1,0,0,0,1,1,0,19.505,20.055,17.493,19.799
0,1,0,1,1,1,1,0,1,1,1,1,0,1,19.814,20.295,18.018,20.087
0,0,1,1,0,0,0,0,1,1,0,0,0,0,19.237,19.069,17.778,18.987
1,1,0,0,0,1,0,0,1,0,1,1,0,1,19.562,19.601,17.632,19.673
0,1,0,1,0,1,1,0,1,1,0,0,1,0,19.144,19.098,17.772,19.546
0,0,1,1,0,0,0,1,1,0,1,1,1,0,19.674,19.688,17.945,19.925
0,0,1,1,0,1,0,1,1,0,1,1,0,1,19.774,19.669,17.711,20.303
0,1,0,0,0,1,0,0,1,0,1,0,0,1,19.14,19.126,17.241,19.113
1,0,1,0,0,1,0,1,1,1,0,1,1,1,20.13,20.394,18.455,20.186
0,1,1,1,1,0,0,0,1,0,0,0,0,0,18.874,18.812,17.384,19.257
1,1,0,1,0,1,0,1,0,1,1,0,1,1,18.839,19.346,17.931,19.325
1,1,1,1,1,1,0,1,1,0,0,1,1,0,19.394,19.806,17.421,19.912
0,1,0,1,0,0,0,1,0,0,1,0,0,0,19.053,19.054,17.309,19.29
0,1,0,0,1,0,1,1,1,0,1,1,1,1,19.658,19.456,17.482,20.021
1,1,0,1,0,1,0,0,0,0,0,0,0,1,19.164,19.098,17.251,19.336
0,1,1,0,1,0,1,0,1,0,0,1,1,0,19.671,19.313,17.632,19.932
0,0,0,0,0,1,1,1,0,0,0,0,0,1,19.118,19.088,17.393,19.372
0,1,1,0,0,1,1,1,0,0,0,0,1,1,18.71,18.99,17.103,19.621
1,0,0,1,1,1,0,1,1,0,1,1,1,1,19.743,19.71,17.546,20.188
0,1,0,0,1,1,1,0,0,1,0,0,1,1,18.842,18.952,17.763,19.301
1,0,0,1,1,0,0,0,0,1,0,1,0,1,19.82,20.193,18.006,20.336
0,1,0,0,0,0,0,1,1,0,1,0,0,1,18.839,19.048,17.232,19.276
1,1,1,0,0,1,1,0,0,0,1,0,0,1,19.028,18.815,17.563,19.112
0,1,0,1,0,1,1,0,0,0,1,0,1,0,19.593,19.177,17.61,19.098
1,1,1,0,0,1,0,1,1,1,1,1,0,0,19.765,20.158,18.073,20.391
1,1,0,1,0,1,0,0,1,1,1,0,0,1,19.129,19.013,17.689,19.556
0,0,0,0,1,0,0,1,0,1,1,1,0,1,19.799,19.785,17.945,20.027
1,1,0,1,0,1,0,0,0,0,0,1,0,0,19.72,20.151,17.534,20.499
1,1,1,0,0,1,1,1,0,1,0,0,0,0,19.065,19.227,17.759,19.249
1,1,1,1,0,0,0,0,1,0,0,0,1,0,19.122,18.862,17.26,19.217
1,0,1,1,0,1,0,1,1,1,0,1,0,0,19.994,19.906,18.242,20.084
1,0,0,1,1,1,1,1,0,0,1,1,0,1,19.639,19.762,17.521,19.934
0,0,1,1,0,1,0,1,0,1,1,1,1,0,19.595,19.412,18.06,20.209
1,1,1,0,0,1,0,0,0,1,0,0,1,0,19.163,19.109,17.823,19.58
0,0,1,1,0,0,0,0,0,1,0,0,0,0,19.134,19.134,17.681,19.37
1,1,0,0,0,1,0,0,0,0,1,0,0,1,19.531,18.756,17.187,19.225
0,1,0,1,0,1,0,1,0,0,0,0,0,0,18.852,19.035,17.134,19.367
0,1,1,1,1,1,0,0,1,0,0,1,0,0,19.826,19.715,17.507,20.177
1,0,1,1,1,0,1,0,1,0,1,0,0,1,18.947,18.816,17.404,19.723
0,0,1,1,0,1,1,1,1,0,0,1,0,1,19.667,19.93,17.556,20.025
1,1,1,1,0,0,0,0,0,1,1,1,0,0,19.618,19.996,17.979,20.418
1,1,1,1,1,1,1,0,0,0,0,0,0,0,18.746,18.811,17.373,19.294
0,0,1,0,0,0,0,0,0,0,1,0,1,0,19.033,19.153,17.063,19.25
0,1,1,0,1,1,1,0,0,0,1,0,1,1,19.03,19.214,17.118,19.205
0,0,1,1,1,0,0,0,0,0,0,1,1,0,19.592,19.485,17.47,19.763
1,0,1,1,0,1,1,1,1,0,0,0,1,1,19.197,19.016,17.213,19.315
1,1,0,0,1,0,0,1,1,1,0,0,0,0,19.152,19.457,17.812,19.394
0,1,0,1,0,0,0,1,1,0,0,1,0,1,19.834,19.538,17.507,20.159
1,0,0,0,1,0,1,0,1,0,0,1,0,1,19.894,20.807,17.775,20.27
1,1,0,0,0,1,0,0,1,0,1,0,0,1,19.025,19.123,17.288,19.429
1,0,0,1,0,0,0,1,0,1,1,0,1,0,18.981,19.283,17.769,19.388
0,0,1,1,1,0,0,0,0,0,1,1,0,0,19.853,19.68,17.7,20.404
0,0,0,1,0,1,1,0,1,0,1,0,0,0,19.329,19.039,17.211,19.302
1,1,0,1,1,0,0,0,0,1,0,1,0,1,20.245,19.883,18.235,20.337
0,0,0,0,0,1,1,1,1,0,0,0,0,0,19.206,19.24,17.251,19.134
0,1,1,0,0,1,0,1,0,0,0,0,1,1,19.226,19.119,17.076,19.37
0,0,0,0,0,1,0,1,1,1,0,1,1,0,19.704,19.587,17.991,20.242
1,1,0,0,1,1,0,0,0,1,0,0,1,1,19.101,19.365,17.884,19.763
1,1,0,0,0,1,0,0,1,0,0,1,1,1,19.445,19.421,17.555,19.845
0,1,1,0,1,0,0,0,0,1,0,1,0,1,19.669,19.771,18.214,19.972
1,0,0,0,0,1,1,0,1,0,0,1,0,0,19.79,19.729,17.536,20.085
0,0,1,0,1,1,0,0,1,0,1,1,0,1,19.849,19.812,17.513,20.056
0,1,1,1,0,1,0,0,1,0,1,1,0,0,19.765,20.041,17.56,20.26
0,1,1,1,0,1,1,0,0,1,0,0,1,0,18.827,18.947,17.67,19.329
1,1,1,0,1,1,1,1,0,0,0,0,1,1,18.948,19.047,17.297,19.321
0,1,0,0,0,1,0,0,0,0,0,0,1,1,18.994,18.957,17.127,19.346
0,0,1,0,0,0,1,1,1,1,1,0,0,1,19.245,18.933,17.985,19.174
1,1,0,1,1,1,1,0,0,1,1,0,0,0,19.282,19.406,17.761,19.682
0,1,0,1,0,1,1,1,0,0,0,1,0,0,19.619,20.186,17.917,19.982
1,0,1,1,0,0,1,1,1,0,1,1,0,0,19.695,19.725,17.544,20.453
1,0,0,1,0,0,0,0,0,0,1,0,0,1,18.69,19.196,17.206,19.14
1,1,0,1,0,0,1,1,1,0,0,1,0,0,19.646,19.976,17.59,19.975
1,0,1,1,0,0,0,1,1,0,0,1,0,0,19.996,20.168,17.813,20.232
0,1,0,1,1,1,0,1,0,1,1,0,0,1,19.344,18.855,17.763,19.455
1,1,0,1,1,1,0,1,1,0,0,0,1,0,19.067,19.042,17.144,19.327
1,1,1,1,1,1,0,0,1,0,0,1,1,0,19.611,19.894,17.571,20.073
1,0,1,0,1,0,1,0,1,0,0,1,0,0,19.683,19.605,17.466,20.069
0,0,0,1,1,0,0,1,0,0,0,1,1,1,19.545,19.323,17.681,19.776
0,0,1,0,0,0,0,1,0,0,0,1,0,0,19.525,19.846,17.474,19.936
1,0,1,1,0,1,0,0,0,1,0,0,0,0,19.109,19.166,17.862,19.852
0,0,0,0,1,1,1,1,0,0,0,0,0,0,19.069,18.942,17.206,19.518
1,0,0,1,0,0,0,0,0,1,1,1,0,0,20.092,19.711,18.004,20.181
1,1,1,0,1,0,1,1,0,1,1,0,1,0,19.179,19.088,18.092,19.921
0,1,0,0,0,1,0,1,0,1,1,1,0,0,19.604,19.862,17.933,20.025
1,0,1,1,0,1,1,1,0,1,1,1,0,1,19.952,19.618,18.236,20.34
1,0,0,0,0,0,0,1,0,1,0,1,0,1,19.718,20.001,18.06,20.288
0,0,1,1,1,0,1,1,0,1,0,0,1,1,18.906,19.137,17.679,19.302
0,0,1,1,1,1,0,1,0,1,1,1,0,0,19.795,19.769,18.049,20.501
1,1,0,0,1,0,0,1,1,0,0,0,1,0,18.69,19.089,17.301,19.107
1,0,0,0,1,1,1,0,1,1,1,0,1,1,19.221,19.246,17.908,19.295
0,0,1,1,1,0,1,1,0,0,0,0,1,1,19.244,18.787,17.406,19.459
0,0,1,1,1,0,1,1,1,0,0,1,1,0,19.638,19.858,17.533,19.776
1,0,0,0,1,0,0,1,1,0,1,1,0,0,19.856,19.796,17.537,20.208
0,1,0,1,1,0,1,1,1,1,1,0,1,1,18.716,18.805,17.637,20.387
0,0,1,1,0,1,0,1,0,1,1,1,1,0,19.722,19.741,18.017,21.071
0,0,1,1,0,0,1,0,0,0,0,0,0,0,18.942,18.985,17.193,19.271
0,0,0,0,0,0,1,1,0,1,1,0,0,1,19.181,18.791,17.665,19.673
0,0,1,0,0,1,0,1,1,0,0,1,1,0,19.375,19.456,17.66,19.986
1,0,1,1,0,1,0,1,0,1,0,0,1,0,19.362,19.191,17.773,19.39
1,1,1,1,1,1,0,1,1,0,0,0,0,1,19.166,18.776,17.294,19.121
1,1,1,1,0,0,1,0,1,1,0,1,1,0,19.979,19.871,18.143,20.177
1,0,0,0,1,1,0,0,1,1,0,1,1,0,19.942,19.886,18.043,20.232
1,1,0,1,1,1,1,0,1,1,1,1,1,0,19.885,20.073,18.045,20.03
0,0,0,0,1,0,0,0,0,1,0,1,0,0,19.62,19.923,17.981,20.206
1,1,1,0,0,1,0,0,0,0,1,1,1,0,19.52,19.47,17.544,20.065
1,1,0,0,0,0,1,1,1,1,1,1,1,0,20.822,19.878,17.921,20.283
1,1,0,0,0,1,0,1,0,0,0,1,1,1,19.664,19.845,17.696,19.934
1,1,1,1,1,0,1,0,1,1,0,1,0,1,19.75,19.853,18.193,20.277
0,1,0,1,0,1,1,1,0,0,0,0,1,1,18.633,19.084,17.367,19.064
1,0,0,0,0,1,1,0,1,0,1,1,1,1,19.873,19.958,17.667,20.083
1,0,0,1,0,0,1,1,0,1,0,1,1,1,19.809,19.679,17.948,20.484
0,1,0,1,0,0,0,0,1,1,1,0,1,1,19.042,19.006,17.704,19.183
0,1,0,0,0,1,0,1,0,1,0,0,1,0,19.293,19.273,17.984,19.367
1,1,0,1,1,0,1,1,0,1,0,1,1,0,19.915,20.024,18.039,20.111
0,1,0,1,0,1,0,0,1,0,1,0,1,1,19.032,19.025,17.294,19.142
0,1,1,0,1,0,1,0,1,0,0,1,1,1,20.073,19.621,17.4,19.994
1,0,0,1,0,0,0,1,0,1,1,0,0,1,18.946,19.406,17.74,19.807
1,1,0,1,0,0,1,1,1,0,1,0,0,0,18.966,19.103,17.326,19.762
0,1,1,0,0,1,0,0,1,1,0,0,0,0,18.746,18.777,17.606,19.453
1,1,0,1,0,1,0,1,1,0,1,1,1,0,19.338,19.698,17.5,20.022
1,0,0,0,0,1,1,0,1,1,1,0,1,0,19.334,19.239,17.851,19.274
1,1,0,1,0,0,1,1,1,0,1,1,0,1,20.95,20.026,17.523,20
1,1,1,1,0,1,0,0,0,0,1,0,0,0,19.057,18.866,17.219,19.134
1,1,0,1,0,0,0,1,1,1,1,0,0,1,19.218,19.094,17.722,19.962
1,0,1,1,1,0,0,1,1,0,0,0,0,0,19.11,19.283,17.357,19.603
0,1,0,0,1,0,1,1,0,1,1,1,1,0,19.739,19.704,17.979,20.485
0,0,0,1,0,0,0,1,1,0,1,1,0,1,19.373,19.688,17.507,19.858
0,0,0,1,0,0,0,1,1,1,0,1,0,1,19.606,19.838,18.183,20.073
1,0,1,1,0,0,1,0,1,1,1,0,1,0,19.076,19.124,17.835,19.532
1,1,1,1,1,1,1,0,1,0,0,0,1,0,19.052,18.859,17.058,19.699
0,1,0,1,1,1,1,0,1,0,1,1,1,0,19.723,19.589,17.577,19.792
0,1,1,1,1,1,0,1,0,1,0,1,1,1,20.17,19.895,18.091,20.298
0,1,1,1,0,0,1,1,1,1,0,0,1,0,19.391,18.774,17.777,19.284
0,1,0,1,0,0,0,0,1,0,1,0,1,1,19.113,18.936,17.063,19.164
1,0,1,0,0,1,0,0,1,1,0,0,1,0,18.899,19.301,18.055,19.404
1,0,0,0,0,0,0,0,1,0,1,1,0,0,19.608,19.71,17.821,20.111
1,1,1,0,1,1,0,0,1,0,0,1,0,0,19.958,20.227,17.536,19.937
0,1,1,0,0,1,1,0,0,1,0,0,0,1,18.805,19.407,17.796,19.29
0,1,1,1,1,1,1,0,0,1,0,0,0,0,19.062,19.205,17.808,19.47
0,0,1,0,1,1,0,0,1,1,1,1,0,0,19.927,19.619,17.915,20.332
0,0,1,0,1,1,0,0,1,0,1,1,0,0,19.922,19.906,17.577,20.134
1,0,1,0,1,1,0,1,1,0,0,0,1,0,19.195,19.031,17.204,19.515
1,0,0,1,0,1,1,1,1,1,1,1,1,1,19.924,19.907,18.294,20.251
1,0,1,1,1,1,1,1,1,1,1,1,1,0,20.109,19.87,18.17,20.311
0,1,0,1,0,0,1,0,0,0,0,1,0,0,19.935,19.464,17.57,20.063
1,0,1,1,1,1,0,0,0,0,1,0,0,0,19.362,19.072,17.283,19.345
1,1,0,0,1,1,0,0,0,0,1,1,0,0,20.056,19.927,17.707,20.189
0,1,0,1,1,0,0,0,0,0,0,0,1,1,18.594,18.865,17.352,19.122
1,0,1,1,1,1,1,0,0,1,0,0,1,0,19.106,19.34,17.71,19.513
0,0,1,1,0,1,0,0,0,0,1,0,0,0,18.985,19.19,17.461,19.408
1,1,0,0,1,0,1,0,1,1,1,0,1,1,19.205,19.286,17.607,19.131
1,1,1,0,1,1,1,0,1,1,0,1,0,1,20.033,20.028,18.048,19.946
0,0,0,0,1,0,0,1,1,0,0,0,0,1,19.103,19.255,17.211,19.352
1,1,1,1,1,0,0,0,0,1,0,1,0,0,19.829,19.828,18.071,20.385
0,0,0,0,1,0,0,0,0,1,0,1,1,0,19.569,19.909,17.988,20.265
0,0,0,0,1,0,1,1,0,1,1,1,1,0,19.932,19.868,18.033,20.292
0,0,1,1,0,0,1,0,1,1,1,1,1,0,19.664,19.723,18.064,20.203
1,1,0,1,0,0,0,0,1,1,1,1,1,0,20.065,19.78,18.007,20.071
1,1,1,1,0,0,0,1,1,1,0,0,1,0,18.893,19.121,17.743,19.241
1,0,0,0,0,0,0,0,0,0,0,0,1,0,18.923,19.142,17.261,19.532
0,0,0,1,0,1,0,1,1,1,0,1,0,1,19.783,20.083,18.016,20.288
0,0,1,0,1,0,0,1,0,1,1,1,0,1,19.566,19.982,18.074,19.823
1,0,0,0,1,0,1,1,0,0,1,1,0,1,19.844,19.506,17.531,20.262
0,1,1,1,1,0,0,0,1,1,1,1,1,0,19.817,19.782,17.887,20.557
1,0,0,1,0,0,0,0,1,0,1,0,0,0,19.112,19.197,17.226,19.246
0,0,0,1,1,0,0,1,1,1,1,0,0,1,19.106,18.965,17.583,19.367
0,0,0,0,0,0,0,0,0,1,0,1,0,1,19.711,19.894,17.947,20.613
1,0,0,0,0,0,1,0,0,1,0,1,0,0,19.925,19.856,18.05,20.305
1,0,1,0,1,1,0,1,1,1,0,1,1,1,19.729,20.107,18.293,20.322
0,1,1,0,0,1,1,1,0,1,1,0,1,1,19.058,18.851,17.863,19.24
1,0,1,0,0,0,0,0,1,0,1,1,1,0,19.7,19.964,17.569,20.354
0,0,1,0,0,1,1,0,0,1,1,0,1,0,18.854,19.137,17.765,19.385
1,1,1,0,0,0,0,1,1,0,1,0,1,1,18.947,18.86,17.35,19.418
0,1,0,0,1,1,1,1,1,0,0,1,1,0,19.675,19.661,17.79,19.839
1,0,1,0,1,1,1,0,1,1,0,0,0,1,19.309,19.408,17.8,19.59
0,0,1,0,1,0,0,1,0,1,0,0,1,1,19.132,18.93,17.754,19.271
0,0,1,0,0,1,1,1,0,1,0,1,0,1,19.643,19.632,17.977,19.985
0,0,0,0,1,0,0,1,1,1,1,0,1,0,18.811,19.279,17.835,19.506
0,0,0,1,0,1,0,1,1,1,1,1,0,1,19.888,19.701,18.04,19.926
0,0,1,0,1,0,0,0,1,0,1,1,1,0,19.353,19.45,17.731,19.915
0,1,0,0,1,0,0,0,1,1,0,1,0,0,19.672,20.451,18.011,20.391
1,1,1,0,1,1,0,1,1,0,1,0,1,1,18.807,19.043,17.286,19.013
1,1,1,0,0,0,1,1,1,0,0,0,0,1,19.159,18.845,17.218,19.293
0,1,0,1,0,1,1,0,0,1,0,0,0,1,19.292,19.594,17.789,19.526
0,0,1,1,0,1,0,0,1,0,1,0,0,1,19.063,19.334,17.329,19.269
0,1,1,0,1,1,1,1,0,0,1,1,0,1,19.617,19.614,17.535,20.118
0,0,0,0,1,0,1,1,0,0,0,1,1,1,19.586,19.458,17.603,20.083
0,0,0,0,1,1,0,0,1,0,0,1,0,1,19.476,19.701,17.49,19.729
0,0,1,0,0,1,1,1,1,1,0,1,0,0,19.526,20.021,17.996,20.29
1,1,0,1,1,0,0,0,1,0,1,1,0,1,19.661,20.018,17.816,20.234
0,0,0,1,0,0,1,0,0,0,1,0,1,1,18.965,18.676,17.357,19.295
0,0,0,0,0,0,0,1,1,1,0,0,1,1,19.017,19.081,17.964,19.378
0,0,1,1,0,0,0,1,1,1,1,1,1,1,19.973,19.735,17.945,19.941
0,0,0,1,0,1,1,0,0,0,1,1,1,0,20.251,19.683,17.51,19.929
0,0,1,0,1,1,1,1,1,0,1,1,0,0,19.664,19.496,17.479,19.903
0,1,0,0,1,1,1,0,0,1,1,0,0,1,19.208,19.373,17.792,19.414
1,0,0,1,1,0,0,1,0,0,0,0,0,1,19.107,19.156,17.239,19.344
1,1,0,1,1,1,1,1,1,1,0,1,1,0,20.112,19.614,18.126,20.077
1,1,0,1,1,0,0,0,0,0,1,1,0,1,19.834,19.711,17.624,20.112
1,1,1,0,0,1,0,1,1,0,1,0,0,1,18.84,19.344,17.532,19.668
0,0,1,1,0,0,0,0,0,0,1,0,1,1,18.8,18.866,17.184,19.056
1,1,1,1,1,0,1,1,1,0,1,0,1,0,18.829,19.162,17.231,19.279
1,1,1,0,0,0,0,0,0,0,1,0,1,1,19.031,19.168,17.312,19.006
0,0,1,0,0,1,0,0,0,1,0,1,1,1,20.103,19.655,18.059,20.014
0,1,0,0,0,0,1,1,0,1,0,0,1,0,19.427,18.919,17.823,19.624
0,1,0,0,0,0,0,0,0,1,0,0,0,1,19.283,19.276,17.778,19.548
1,1,0,0,0,0,1,1,0,1,1,1,0,1,19.868,19.704,18.101,20.269
0,1,0,0,0,0,0,0,0,0,0,0,1,0,18.868,19.049,17.131,19.603
1,0,0,1,0,0,1,0,1,1,0,1,1,1,19.649,19.936,17.927,20.329
0,0,1,1,1,0,0,1,1,0,0,1,1,1,19.409,19.774,17.689,19.685
1,0,1,0,0,1,1,0,1,0,0,1,0,0,19.544,19.598,17.653,20.012
0,0,1,0,1,0,1,1,0,0,0,1,0,1,19.527,19.485,17.646,19.921
1,1,0,1,1,1,1,1,1,1,0,0,0,0,19.012,19.123,17.806,19.437
1,1,1,1,1,0,0,0,0,1,1,0,0,0,19.054,19.441,17.856,19.817
1,0,1,1,1,1,1,1,0,0,0,1,1,0,19.984,19.938,17.544,20.217
0,0,0,0,1,0,0,1,0,1,1,0,1,1,19.266,19.284,17.749,19.444
0,1,0,0,0,1,1,0,0,1,1,0,1,1,19.248,19.058,17.87,19.345
1,0,0,1,0,1,0,1,1,0,1,0,1,1,18.977,18.841,17.185,19.028
1,1,1,1,0,1,1,1,0,1,1,1,1,0,19.694,19.777,18.104,20.037
1,1,0,1,1,0,1,0,1,0,0,0,0,1,18.938,19.209,17.228,19.246
0,0,1,1,1,0,1,0,1,0,1,1,0,1,19.475,19.391,17.492,19.894
0,1,1,1,0,0,0,0,1,1,0,0,1,0,19.095,19.118,17.667,19.195
1,1,0,0,1,1,0,1,1,0,0,1,1,0,19.772,20.3,17.544,20.054
1,1,1,0,0,0,1,1,0,1,1,1,1,0,19.713,19.814,18.019,20.104
0,1,1,1,1,0,1,0,0,0,1,1,1,0,19.604,19.357,17.709,19.848
0,0,0,1,0,1,1,1,0,1,1,0,1,1,19.116,19.106,17.914,19.432
0,0,0,1,0,0,0,1,0,0,0,0,1,0,19.179,19.154,17.131,19.469
0,0,0,1,0,1,1,0,1,0,0,1,1,0,19.656,19.666,17.488,20.42
1,0,0,1,1,0,1,0,1,0,1,0,0,1,18.846,19.012,17.349,19.468
0,1,0,0,0,0,0,0,0,1,0,0,0,1,19.16,19.254,17.653,19.432
1,0,0,1,0,1,1,0,0,1,1,0,1,1,18.959,18.891,17.932,19.411
0,1,1,1,1,0,0,1,0,0,1,1,0,0,19.767,19.78,17.655,19.908
0,1,1,0,0,1,0,1,1,0,0,0,0,1,19.122,19.327,17.423,19.17
0,0,0,0,0,1,1,1,0,0,1,0,0,0,19.047,18.856,17.185,20.034
0,1,0,0,1,1,0,1,0,1,1,1,1,1,19.67,20.064,17.914,19.957
0,0,1,1,1,0,1,1,1,0,0,1,0,0,19.784,19.835,17.747,20.215
0,1,1,0,1,0,1,1,1,0,1,0,0,0,18.989,18.747,17.208,19.637
0,1,0,1,0,0,0,0,1,0,1,1,1,0,19.265,19.707,17.864,19.747
1,1,1,1,1,1,0,0,1,1,1,1,0,0,19.895,20.51,18.013,20.387
0,0,1,0,1,0,1,1,1,1,1,0,1,1,18.916,19.095,17.678,19.134
0,0,1,0,0,1,0,1,1,1,1,1,0,1,19.489,19.693,18.116,20.112
1,0,0,0,0,0,1,0,0,0,0,0,1,1,19.001,19.339,17.271,19.391
1,0,1,0,1,0,0,0,0,1,0,0,1,1,19.409,19.276,17.817,19.598
